,Sheep,Wolves,Grass,SheepChange,WolfChange,GrassChange,SheepRepro,WolfRepro,GrassRegrowth
0,88,52,1258,-12,2,3,0.04,0.05,30
1,86,49,1261,-14,-1,6,0.04,0.05,30
2,84,50,1262,-16,0,7,0.04,0.05,30
3,87,51,1284,-13,1,29,0.04,0.05,30
4,84,53,1293,-16,3,38,0.04,0.05,30
5,83,52,1294,-17,2,39,0.04,0.05,30
6,83,52,1312,-17,2,57,0.04,0.05,30
7,82,55,1335,-18,5,80,0.04,0.05,30
8,79,56,1337,-21,6,82,0.04,0.05,30
9,79,56,1351,-21,6,96,0.04,0.05,30
10,80,60,1358,-20,10,103,0.04,0.05,30
11,81,60,1385,-19,10,130,0.04,0.05,30
12,78,60,1394,-22,10,139,0.04,0.05,30
13,79,58,1415,-21,8,160,0.04,0.05,30
14,82,56,1430,-18,6,175,0.04,0.05,30
15,81,58,1455,-19,8,200,0.04,0.05,30
16,83,56,1462,-17,6,207,0.04,0.05,30
17,77,57,1489,-23,7,234,0.04,0.05,30
18,77,54,1495,-23,4,240,0.04,0.05,30
19,76,53,1515,-24,3,260,0.04,0.05,30
20,78,51,1529,-22,1,274,0.04,0.05,30
21,76,50,1542,-24,0,287,0.04,0.05,30
22,78,50,1549,-22,0,294,0.04,0.05,30
23,77,51,1581,-23,1,326,0.04,0.05,30
24,73,50,1598,-27,0,343,0.04,0.05,30
25,72,51,1609,-28,1,354,0.04,0.05,30
26,72,52,1623,-28,2,368,0.04,0.05,30
27,72,53,1632,-28,3,377,0.04,0.05,30
28,70,54,1649,-30,4,394,0.04,0.05,30
29,70,53,1647,-30,3,392,0.04,0.05,30
30,69,51,1657,-31,1,402,0.04,0.05,30
31,68,50,1664,-32,0,409,0.04,0.05,30
32,68,49,1674,-32,-1,419,0.04,0.05,30
33,68,47,1677,-32,-3,422,0.04,0.05,30
34,71,44,1676,-29,-6,421,0.04,0.05,30
35,70,46,1689,-30,-4,434,0.04,0.05,30
36,71,48,1690,-29,-2,435,0.04,0.05,30
37,76,47,1683,-24,-3,428,0.04,0.05,30
38,78,47,1679,-22,-3,424,0.04,0.05,30
39,79,40,1675,-21,-10,420,0.04,0.05,30
40,83,39,1672,-17,-11,417,0.04,0.05,30
41,87,38,1678,-13,-12,423,0.04,0.05,30
42,92,37,1672,-8,-13,417,0.04,0.05,30
43,96,35,1659,-4,-15,404,0.04,0.05,30
44,96,34,1645,-4,-16,390,0.04,0.05,30
45,98,33,1622,-2,-17,367,0.04,0.05,30
46,99,31,1612,-1,-19,357,0.04,0.05,30
47,100,34,1585,0,-16,330,0.04,0.05,30
48,98,32,1581,-2,-18,326,0.04,0.05,30
49,100,29,1573,0,-21,318,0.04,0.05,30
50,102,27,1567,2,-23,312,0.04,0.05,30
51,99,26,1559,-1,-24,304,0.04,0.05,30
52,103,25,1545,3,-25,290,0.04,0.05,30
53,104,27,1533,4,-23,278,0.04,0.05,30
54,105,28,1523,5,-22,268,0.04,0.05,30
55,107,28,1505,7,-22,250,0.04,0.05,30
56,113,29,1483,13,-21,228,0.04,0.05,30
57,114,28,1471,14,-22,216,0.04,0.05,30
58,116,27,1453,16,-23,198,0.04,0.05,30
59,119,28,1437,19,-22,182,0.04,0.05,30
60,120,29,1432,20,-21,177,0.04,0.05,30
61,124,26,1427,24,-24,172,0.04,0.05,30
62,124,23,1411,24,-27,156,0.04,0.05,30
63,124,25,1394,24,-25,139,0.04,0.05,30
64,126,25,1381,26,-25,126,0.04,0.05,30
65,128,23,1370,28,-27,115,0.04,0.05,30
66,133,22,1359,33,-28,104,0.04,0.05,30
67,138,21,1347,38,-29,92,0.04,0.05,30
68,141,21,1333,41,-29,78,0.04,0.05,30
69,142,19,1329,42,-31,74,0.04,0.05,30
70,145,18,1316,45,-32,61,0.04,0.05,30
71,147,18,1294,47,-32,39,0.04,0.05,30
72,146,18,1289,46,-32,34,0.04,0.05,30
73,147,19,1287,47,-31,32,0.04,0.05,30
74,149,20,1281,49,-30,26,0.04,0.05,30
75,150,20,1283,50,-30,28,0.04,0.05,30
76,157,18,1271,57,-32,16,0.04,0.05,30
77,159,17,1268,59,-33,13,0.04,0.05,30
78,157,17,1261,57,-33,6,0.04,0.05,30
79,159,17,1250,59,-33,-5,0.04,0.05,30
80,166,17,1239,66,-33,-16,0.04,0.05,30
81,161,17,1223,61,-33,-32,0.04,0.05,30
82,164,17,1206,64,-33,-49,0.04,0.05,30
83,164,17,1191,64,-33,-64,0.04,0.05,30
84,165,18,1180,65,-32,-75,0.04,0.05,30
85,167,19,1178,67,-31,-77,0.04,0.05,30
86,166,21,1187,66,-29,-68,0.04,0.05,30
87,166,25,1179,66,-25,-76,0.04,0.05,30
88,165,25,1174,65,-25,-81,0.04,0.05,30
89,165,26,1176,65,-24,-79,0.04,0.05,30
90,166,25,1161,66,-25,-94,0.04,0.05,30
91,165,24,1153,65,-26,-102,0.04,0.05,30
92,168,20,1158,68,-30,-97,0.04,0.05,30
93,169,18,1150,69,-32,-105,0.04,0.05,30
94,169,18,1144,69,-32,-111,0.04,0.05,30
95,169,21,1131,69,-29,-124,0.04,0.05,30
96,174,23,1125,74,-27,-130,0.04,0.05,30
97,179,23,1123,79,-27,-132,0.04,0.05,30
98,181,24,1121,81,-26,-134,0.04,0.05,30
99,175,24,1122,75,-26,-133,0.04,0.05,30
100,172,26,1120,-3,2,-2,0.04,0.05,28
101,174,28,1116,-1,4,-6,0.04,0.05,28
102,171,28,1118,-4,4,-4,0.04,0.05,28
103,169,30,1118,-6,6,-4,0.04,0.05,28
104,170,28,1124,-5,4,2,0.04,0.05,28
105,166,30,1129,-9,6,7,0.04,0.05,28
106,169,27,1130,-6,3,8,0.04,0.05,28
107,168,28,1137,-7,4,15,0.04,0.05,28
108,167,26,1138,-8,2,16,0.04,0.05,28
109,168,27,1141,-7,3,19,0.04,0.05,28
110,168,27,1144,-7,3,22,0.04,0.05,28
111,176,27,1144,1,3,22,0.04,0.05,28
112,190,27,1144,15,3,22,0.04,0.05,28
113,192,29,1131,17,5,9,0.04,0.05,28
114,194,32,1128,19,8,6,0.04,0.05,28
115,190,33,1119,15,9,-3,0.04,0.05,28
116,188,33,1106,13,9,-16,0.04,0.05,28
117,185,32,1099,10,8,-23,0.04,0.05,28
118,191,33,1097,16,9,-25,0.04,0.05,28
119,189,35,1101,14,11,-21,0.04,0.05,28
120,195,34,1106,20,10,-16,0.04,0.05,28
121,195,33,1101,20,9,-21,0.04,0.05,28
122,196,34,1090,21,10,-32,0.04,0.05,28
123,199,33,1086,24,9,-36,0.04,0.05,28
124,192,30,1091,17,6,-31,0.04,0.05,28
125,191,27,1093,16,3,-29,0.04,0.05,28
126,194,26,1088,19,2,-34,0.04,0.05,28
127,186,26,1091,11,2,-31,0.04,0.05,28
128,186,28,1094,11,4,-28,0.04,0.05,28
129,186,27,1079,11,3,-43,0.04,0.05,28
130,189,26,1087,14,2,-35,0.04,0.05,28
131,181,26,1090,6,2,-32,0.04,0.05,28
132,185,29,1088,10,5,-34,0.04,0.05,28
133,189,30,1086,14,6,-36,0.04,0.05,28
134,185,28,1082,10,4,-40,0.04,0.05,28
135,181,27,1068,6,3,-54,0.04,0.05,28
136,183,28,1060,8,4,-62,0.04,0.05,28
137,187,31,1045,12,7,-77,0.04,0.05,28
138,185,31,1044,10,7,-78,0.04,0.05,28
139,178,32,1051,3,8,-71,0.04,0.05,28
140,177,32,1067,2,8,-55,0.04,0.05,28
141,177,33,1083,2,9,-39,0.04,0.05,28
142,180,32,1081,5,8,-41,0.04,0.05,28
143,177,30,1105,2,6,-17,0.04,0.05,28
144,176,28,1110,1,4,-12,0.04,0.05,28
145,180,29,1103,5,5,-19,0.04,0.05,28
146,177,31,1095,2,7,-27,0.04,0.05,28
147,179,32,1100,4,8,-22,0.04,0.05,28
148,181,36,1106,6,12,-16,0.04,0.05,28
149,176,35,1102,1,11,-20,0.04,0.05,28
150,175,34,1113,0,10,-9,0.04,0.05,28
151,183,34,1126,8,10,4,0.04,0.05,28
152,185,33,1132,10,9,10,0.04,0.05,28
153,188,30,1138,13,6,16,0.04,0.05,28
154,193,27,1137,18,3,15,0.04,0.05,28
155,192,24,1132,17,0,10,0.04,0.05,28
156,194,25,1106,19,1,-16,0.04,0.05,28
157,200,27,1129,25,3,7,0.04,0.05,28
158,199,28,1121,24,4,-1,0.04,0.05,28
159,188,30,1129,13,6,7,0.04,0.05,28
160,180,31,1131,5,7,9,0.04,0.05,28
161,181,30,1137,6,6,15,0.04,0.05,28
162,177,32,1138,2,8,16,0.04,0.05,28
163,178,33,1146,3,9,24,0.04,0.05,28
164,173,34,1142,-2,10,20,0.04,0.05,28
165,172,35,1141,-3,11,19,0.04,0.05,28
166,165,34,1149,-10,10,27,0.04,0.05,28
167,164,35,1149,-11,11,27,0.04,0.05,28
168,164,38,1155,-11,14,33,0.04,0.05,28
169,164,36,1145,-11,12,23,0.04,0.05,28
170,164,38,1151,-11,14,29,0.04,0.05,28
171,162,39,1151,-13,15,29,0.04,0.05,28
172,161,40,1164,-14,16,42,0.04,0.05,28
173,159,43,1183,-16,19,61,0.04,0.05,28
174,164,41,1188,-11,17,66,0.04,0.05,28
175,161,40,1197,-14,16,75,0.04,0.05,28
176,166,40,1201,-9,16,79,0.04,0.05,28
177,162,39,1205,-13,15,83,0.04,0.05,28
178,163,40,1196,-12,16,74,0.04,0.05,28
179,163,42,1189,-12,18,67,0.04,0.05,28
180,163,38,1174,-12,14,52,0.04,0.05,28
181,161,39,1168,-14,15,46,0.04,0.05,28
182,159,39,1161,-16,15,39,0.04,0.05,28
183,159,39,1162,-16,15,40,0.04,0.05,28
184,164,38,1182,-11,14,60,0.04,0.05,28
185,170,41,1168,-5,17,46,0.04,0.05,28
186,170,36,1176,-5,12,54,0.04,0.05,28
187,167,36,1172,-8,12,50,0.04,0.05,28
188,167,37,1154,-8,13,32,0.04,0.05,28
189,174,40,1150,-1,16,28,0.04,0.05,28
190,180,43,1148,5,19,26,0.04,0.05,28
191,176,46,1142,1,22,20,0.04,0.05,28
192,170,49,1144,-5,25,22,0.04,0.05,28
193,174,54,1154,-1,30,32,0.04,0.05,28
194,170,53,1157,-5,29,35,0.04,0.05,28
195,169,47,1167,-6,23,45,0.04,0.05,28
196,172,47,1165,-3,23,43,0.04,0.05,28
197,165,46,1174,-10,22,52,0.04,0.05,28
198,168,48,1167,-7,24,45,0.04,0.05,28
199,166,50,1171,-9,26,49,0.04,0.05,28
200,169,50,1158,3,0,-13,0.04,0.060000000000000005,28
201,173,51,1156,7,1,-15,0.04,0.060000000000000005,28
202,168,50,1160,2,0,-11,0.04,0.060000000000000005,28
203,168,52,1157,2,2,-14,0.04,0.060000000000000005,28
204,171,54,1157,5,4,-14,0.04,0.060000000000000005,28
205,174,59,1155,8,9,-16,0.04,0.060000000000000005,28
206,172,58,1160,6,8,-11,0.04,0.060000000000000005,28
207,169,60,1170,3,10,-1,0.04,0.060000000000000005,28
208,165,65,1182,-1,15,11,0.04,0.060000000000000005,28
209,163,61,1179,-3,11,8,0.04,0.060000000000000005,28
210,161,64,1183,-5,14,12,0.04,0.060000000000000005,28
211,159,66,1182,-7,16,11,0.04,0.060000000000000005,28
212,169,62,1185,3,12,14,0.04,0.060000000000000005,28
213,170,58,1180,4,8,9,0.04,0.060000000000000005,28
214,172,57,1195,6,7,24,0.04,0.060000000000000005,28
215,167,59,1204,1,9,33,0.04,0.060000000000000005,28
216,167,56,1207,1,6,36,0.04,0.060000000000000005,28
217,167,54,1215,1,4,44,0.04,0.060000000000000005,28
218,163,55,1210,-3,5,39,0.04,0.060000000000000005,28
219,157,57,1208,-9,7,37,0.04,0.060000000000000005,28
220,159,60,1210,-7,10,39,0.04,0.060000000000000005,28
221,163,57,1197,-3,7,26,0.04,0.060000000000000005,28
222,172,53,1184,6,3,13,0.04,0.060000000000000005,28
223,168,54,1179,2,4,8,0.04,0.060000000000000005,28
224,173,52,1180,7,2,9,0.04,0.060000000000000005,28
225,174,48,1181,8,-2,10,0.04,0.060000000000000005,28
226,171,50,1191,5,0,20,0.04,0.060000000000000005,28
227,170,52,1187,4,2,16,0.04,0.060000000000000005,28
228,169,50,1188,3,0,17,0.04,0.060000000000000005,28
229,170,49,1178,4,-1,7,0.04,0.060000000000000005,28
230,165,54,1169,-1,4,-2,0.04,0.060000000000000005,28
231,161,50,1158,-5,0,-13,0.04,0.060000000000000005,28
232,164,45,1163,-2,-5,-8,0.04,0.060000000000000005,28
233,163,48,1164,-3,-2,-7,0.04,0.060000000000000005,28
234,158,49,1169,-8,-1,-2,0.04,0.060000000000000005,28
235,158,51,1168,-8,1,-3,0.04,0.060000000000000005,28
236,156,53,1179,-10,3,8,0.04,0.060000000000000005,28
237,153,54,1186,-13,4,15,0.04,0.060000000000000005,28
238,155,53,1185,-11,3,14,0.04,0.060000000000000005,28
239,155,53,1188,-11,3,17,0.04,0.060000000000000005,28
240,154,55,1188,-12,5,17,0.04,0.060000000000000005,28
241,149,53,1196,-17,3,25,0.04,0.060000000000000005,28
242,149,55,1181,-17,5,10,0.04,0.060000000000000005,28
243,154,58,1179,-12,8,8,0.04,0.060000000000000005,28
244,155,58,1191,-11,8,20,0.04,0.060000000000000005,28
245,150,63,1175,-16,13,4,0.04,0.060000000000000005,28
246,151,65,1189,-15,15,18,0.04,0.060000000000000005,28
247,151,67,1190,-15,17,19,0.04,0.060000000000000005,28
248,159,71,1194,-7,21,23,0.04,0.060000000000000005,28
249,153,75,1204,-13,25,33,0.04,0.060000000000000005,28
250,148,80,1223,-18,30,52,0.04,0.060000000000000005,28
251,146,75,1223,-20,25,52,0.04,0.060000000000000005,28
252,140,76,1232,-26,26,61,0.04,0.060000000000000005,28
253,145,74,1229,-21,24,58,0.04,0.060000000000000005,28
254,145,74,1223,-21,24,52,0.04,0.060000000000000005,28
255,138,71,1236,-28,21,65,0.04,0.060000000000000005,28
256,141,70,1243,-25,20,72,0.04,0.060000000000000005,28
257,139,71,1263,-27,21,92,0.04,0.060000000000000005,28
258,136,70,1279,-30,20,108,0.04,0.060000000000000005,28
259,134,67,1290,-32,17,119,0.04,0.060000000000000005,28
260,133,67,1300,-33,17,129,0.04,0.060000000000000005,28
261,134,69,1307,-32,19,136,0.04,0.060000000000000005,28
262,131,70,1310,-35,20,139,0.04,0.060000000000000005,28
263,130,68,1307,-36,18,136,0.04,0.060000000000000005,28
264,133,74,1304,-33,24,133,0.04,0.060000000000000005,28
265,132,74,1308,-34,24,137,0.04,0.060000000000000005,28
266,129,80,1315,-37,30,144,0.04,0.060000000000000005,28
267,127,81,1323,-39,31,152,0.04,0.060000000000000005,28
268,128,92,1327,-38,42,156,0.04,0.060000000000000005,28
269,127,92,1326,-39,42,155,0.04,0.060000000000000005,28
270,128,91,1341,-38,41,170,0.04,0.060000000000000005,28
271,126,95,1350,-40,45,179,0.04,0.060000000000000005,28
272,120,93,1357,-46,43,186,0.04,0.060000000000000005,28
273,120,86,1385,-46,36,214,0.04,0.060000000000000005,28
274,119,81,1386,-47,31,215,0.04,0.060000000000000005,28
275,122,76,1401,-44,26,230,0.04,0.060000000000000005,28
276,122,78,1406,-44,28,235,0.04,0.060000000000000005,28
277,124,76,1415,-42,26,244,0.04,0.060000000000000005,28
278,122,78,1413,-44,28,242,0.04,0.060000000000000005,28
279,123,79,1416,-43,29,245,0.04,0.060000000000000005,28
280,123,74,1425,-43,24,254,0.04,0.060000000000000005,28
281,123,72,1425,-43,22,254,0.04,0.060000000000000005,28
282,127,70,1444,-39,20,273,0.04,0.060000000000000005,28
283,132,74,1435,-34,24,264,0.04,0.060000000000000005,28
284,129,73,1436,-37,23,265,0.04,0.060000000000000005,28
285,127,69,1440,-39,19,269,0.04,0.060000000000000005,28
286,122,65,1442,-44,15,271,0.04,0.060000000000000005,28
287,119,61,1444,-47,11,273,0.04,0.060000000000000005,28
288,118,59,1443,-48,9,272,0.04,0.060000000000000005,28
289,116,59,1442,-50,9,271,0.04,0.060000000000000005,28
290,115,61,1443,-51,11,272,0.04,0.060000000000000005,28
291,113,61,1450,-53,11,279,0.04,0.060000000000000005,28
292,111,64,1449,-55,14,278,0.04,0.060000000000000005,28
293,109,60,1459,-57,10,288,0.04,0.060000000000000005,28
294,108,58,1464,-58,8,293,0.04,0.060000000000000005,28
295,111,57,1468,-55,7,297,0.04,0.060000000000000005,28
296,114,53,1467,-52,3,296,0.04,0.060000000000000005,28
297,110,49,1467,-56,-1,296,0.04,0.060000000000000005,28
298,108,50,1470,-58,0,299,0.04,0.060000000000000005,28
299,113,54,1470,-53,4,299,0.04,0.060000000000000005,28
300,110,57,1472,-3,3,2,0.03,0.060000000000000005,28
301,113,59,1466,0,5,-4,0.03,0.060000000000000005,28
302,116,58,1478,3,4,8,0.03,0.060000000000000005,28
303,117,55,1479,4,1,9,0.03,0.060000000000000005,28
304,116,55,1484,3,1,14,0.03,0.060000000000000005,28
305,110,50,1480,-3,-4,10,0.03,0.060000000000000005,28
306,110,52,1480,-3,-2,10,0.03,0.060000000000000005,28
307,113,51,1487,0,-3,17,0.03,0.060000000000000005,28
308,109,54,1487,-4,0,17,0.03,0.060000000000000005,28
309,112,56,1499,-1,2,29,0.03,0.060000000000000005,28
310,114,55,1487,1,1,17,0.03,0.060000000000000005,28
311,114,55,1500,1,1,30,0.03,0.060000000000000005,28
312,115,54,1501,2,0,31,0.03,0.060000000000000005,28
313,113,54,1488,0,0,18,0.03,0.060000000000000005,28
314,112,57,1486,-1,3,16,0.03,0.060000000000000005,28
315,109,58,1491,-4,4,21,0.03,0.060000000000000005,28
316,109,59,1500,-4,5,30,0.03,0.060000000000000005,28
317,106,60,1501,-7,6,31,0.03,0.060000000000000005,28
318,105,60,1507,-8,6,37,0.03,0.060000000000000005,28
319,101,56,1515,-12,2,45,0.03,0.060000000000000005,28
320,101,56,1519,-12,2,49,0.03,0.060000000000000005,28
321,101,55,1525,-12,1,55,0.03,0.060000000000000005,28
322,96,56,1529,-17,2,59,0.03,0.060000000000000005,28
323,93,51,1533,-20,-3,63,0.03,0.060000000000000005,28
324,91,52,1541,-22,-2,71,0.03,0.060000000000000005,28
325,91,50,1553,-22,-4,83,0.03,0.060000000000000005,28
326,93,50,1554,-20,-4,84,0.03,0.060000000000000005,28
327,98,49,1556,-15,-5,86,0.03,0.060000000000000005,28
328,100,46,1554,-13,-8,84,0.03,0.060000000000000005,28
329,103,41,1553,-10,-13,83,0.03,0.060000000000000005,28
330,106,41,1550,-7,-13,80,0.03,0.060000000000000005,28
331,105,41,1546,-8,-13,76,0.03,0.060000000000000005,28
332,107,41,1536,-6,-13,66,0.03,0.060000000000000005,28
333,104,44,1539,-9,-10,69,0.03,0.060000000000000005,28
334,105,41,1541,-8,-13,71,0.03,0.060000000000000005,28
335,107,39,1529,-6,-15,59,0.03,0.060000000000000005,28
336,110,39,1526,-3,-15,56,0.03,0.060000000000000005,28
337,111,38,1519,-2,-16,49,0.03,0.060000000000000005,28
338,114,38,1522,1,-16,52,0.03,0.060000000000000005,28
339,112,39,1526,-1,-15,56,0.03,0.060000000000000005,28
340,112,36,1528,-1,-18,58,0.03,0.060000000000000005,28
341,117,37,1522,4,-17,52,0.03,0.060000000000000005,28
342,118,37,1520,5,-17,50,0.03,0.060000000000000005,28
343,120,34,1518,7,-20,48,0.03,0.060000000000000005,28
344,119,35,1510,6,-19,40,0.03,0.060000000000000005,28
345,119,31,1507,6,-23,37,0.03,0.060000000000000005,28
346,117,34,1500,4,-20,30,0.03,0.060000000000000005,28
347,116,32,1487,3,-22,17,0.03,0.060000000000000005,28
348,114,30,1485,1,-24,15,0.03,0.060000000000000005,28
349,115,35,1477,2,-19,7,0.03,0.060000000000000005,28
350,117,36,1467,4,-18,-3,0.03,0.060000000000000005,28
351,117,36,1455,4,-18,-15,0.03,0.060000000000000005,28
352,118,38,1437,5,-16,-33,0.03,0.060000000000000005,28
353,120,38,1425,7,-16,-45,0.03,0.060000000000000005,28
354,126,38,1411,13,-16,-59,0.03,0.060000000000000005,28
355,124,35,1405,11,-19,-65,0.03,0.060000000000000005,28
356,124,31,1406,11,-23,-64,0.03,0.060000000000000005,28
357,125,30,1402,12,-24,-68,0.03,0.060000000000000005,28
358,127,27,1400,14,-27,-70,0.03,0.060000000000000005,28
359,130,26,1385,17,-28,-85,0.03,0.060000000000000005,28
360,134,26,1373,21,-28,-97,0.03,0.060000000000000005,28
361,134,27,1369,21,-27,-101,0.03,0.060000000000000005,28
362,133,27,1362,20,-27,-108,0.03,0.060000000000000005,28
363,131,28,1369,18,-26,-101,0.03,0.060000000000000005,28
364,134,26,1368,21,-28,-102,0.03,0.060000000000000005,28
365,135,27,1361,22,-27,-109,0.03,0.060000000000000005,28
366,140,27,1364,27,-27,-106,0.03,0.060000000000000005,28
367,145,26,1341,32,-28,-129,0.03,0.060000000000000005,28
368,149,24,1327,36,-30,-143,0.03,0.060000000000000005,28
369,151,26,1328,38,-28,-142,0.03,0.060000000000000005,28
370,149,24,1325,36,-30,-145,0.03,0.060000000000000005,28
371,153,29,1324,40,-25,-146,0.03,0.060000000000000005,28
372,156,28,1311,43,-26,-159,0.03,0.060000000000000005,28
373,155,28,1307,42,-26,-163,0.03,0.060000000000000005,28
374,153,27,1290,40,-27,-180,0.03,0.060000000000000005,28
375,151,28,1280,38,-26,-190,0.03,0.060000000000000005,28
376,157,25,1270,44,-29,-200,0.03,0.060000000000000005,28
377,156,28,1257,43,-26,-213,0.03,0.060000000000000005,28
378,158,28,1253,45,-26,-217,0.03,0.060000000000000005,28
379,160,27,1254,47,-27,-216,0.03,0.060000000000000005,28
380,166,26,1265,53,-28,-205,0.03,0.060000000000000005,28
381,168,23,1256,55,-31,-214,0.03,0.060000000000000005,28
382,171,23,1254,58,-31,-216,0.03,0.060000000000000005,28
383,175,23,1250,62,-31,-220,0.03,0.060000000000000005,28
384,180,21,1234,67,-33,-236,0.03,0.060000000000000005,28
385,181,19,1233,68,-35,-237,0.03,0.060000000000000005,28
386,175,22,1228,62,-32,-242,0.03,0.060000000000000005,28
387,171,26,1241,58,-28,-229,0.03,0.060000000000000005,28
388,169,26,1244,56,-28,-226,0.03,0.060000000000000005,28
389,169,26,1232,56,-28,-238,0.03,0.060000000000000005,28
390,170,25,1234,57,-29,-236,0.03,0.060000000000000005,28
391,170,27,1218,57,-27,-252,0.03,0.060000000000000005,28
392,173,28,1201,60,-26,-269,0.03,0.060000000000000005,28
393,172,30,1195,59,-24,-275,0.03,0.060000000000000005,28
394,172,33,1182,59,-21,-288,0.03,0.060000000000000005,28
395,171,33,1185,58,-21,-285,0.03,0.060000000000000005,28
396,174,30,1179,61,-24,-291,0.03,0.060000000000000005,28
397,169,29,1179,56,-25,-291,0.03,0.060000000000000005,28
398,170,32,1175,57,-22,-295,0.03,0.060000000000000005,28
399,170,32,1178,57,-22,-292,0.03,0.060000000000000005,28
400,169,35,1185,-1,3,7,0.03,0.07,28
401,166,38,1181,-4,6,3,0.03,0.07,28
402,159,41,1186,-11,9,8,0.03,0.07,28
403,159,40,1189,-11,8,11,0.03,0.07,28
404,159,37,1193,-11,5,15,0.03,0.07,28
405,162,37,1194,-8,5,16,0.03,0.07,28
406,163,40,1193,-7,8,15,0.03,0.07,28
407,171,38,1198,1,6,20,0.03,0.07,28
408,172,36,1189,2,4,11,0.03,0.07,28
409,173,39,1191,3,7,13,0.03,0.07,28
410,177,38,1188,7,6,10,0.03,0.07,28
411,174,38,1190,4,6,12,0.03,0.07,28
412,173,38,1193,3,6,15,0.03,0.07,28
413,172,40,1187,2,8,9,0.03,0.07,28
414,167,39,1181,-3,7,3,0.03,0.07,28
415,165,41,1177,-5,9,-1,0.03,0.07,28
416,171,42,1184,1,10,6,0.03,0.07,28
417,178,43,1190,8,11,12,0.03,0.07,28
418,178,44,1192,8,12,14,0.03,0.07,28
419,175,46,1209,5,14,31,0.03,0.07,28
420,173,46,1214,3,14,36,0.03,0.07,28
421,177,46,1210,7,14,32,0.03,0.07,28
422,178,47,1214,8,15,36,0.03,0.07,28
423,175,46,1219,5,14,41,0.03,0.07,28
424,172,43,1221,2,11,43,0.03,0.07,28
425,171,52,1212,1,20,34,0.03,0.07,28
426,169,52,1211,-1,20,33,0.03,0.07,28
427,163,57,1213,-7,25,35,0.03,0.07,28
428,160,56,1208,-10,24,30,0.03,0.07,28
429,163,52,1208,-7,20,30,0.03,0.07,28
430,163,54,1213,-7,22,35,0.03,0.07,28
431,159,54,1214,-11,22,36,0.03,0.07,28
432,159,53,1212,-11,21,34,0.03,0.07,28
433,157,50,1209,-13,18,31,0.03,0.07,28
434,162,46,1209,-8,14,31,0.03,0.07,28
435,165,50,1196,-5,18,18,0.03,0.07,28
436,165,54,1197,-5,22,19,0.03,0.07,28
437,166,60,1205,-4,28,27,0.03,0.07,28
438,167,64,1209,-3,32,31,0.03,0.07,28
439,168,63,1206,-2,31,28,0.03,0.07,28
440,168,59,1208,-2,27,30,0.03,0.07,28
441,167,57,1216,-3,25,38,0.03,0.07,28
442,163,56,1218,-7,24,40,0.03,0.07,28
443,159,57,1212,-11,25,34,0.03,0.07,28
444,159,64,1209,-11,32,31,0.03,0.07,28
445,155,62,1214,-15,30,36,0.03,0.07,28
446,154,61,1210,-16,29,32,0.03,0.07,28
447,151,63,1217,-19,31,39,0.03,0.07,28
448,151,65,1227,-19,33,49,0.03,0.07,28
449,149,67,1253,-21,35,75,0.03,0.07,28
450,148,69,1263,-22,37,85,0.03,0.07,28
451,143,75,1277,-27,43,99,0.03,0.07,28
452,142,73,1288,-28,41,110,0.03,0.07,28
453,144,68,1316,-26,36,138,0.03,0.07,28
454,144,70,1320,-26,38,142,0.03,0.07,28
455,146,67,1314,-24,35,136,0.03,0.07,28
456,140,60,1322,-30,28,144,0.03,0.07,28
457,141,61,1332,-29,29,154,0.03,0.07,28
458,144,64,1334,-26,32,156,0.03,0.07,28
459,143,62,1346,-27,30,168,0.03,0.07,28
460,138,60,1362,-32,28,184,0.03,0.07,28
461,139,56,1364,-31,24,186,0.03,0.07,28
462,133,58,1365,-37,26,187,0.03,0.07,28
463,134,58,1371,-36,26,193,0.03,0.07,28
464,131,51,1378,-39,19,200,0.03,0.07,28
465,133,50,1388,-37,18,210,0.03,0.07,28
466,136,48,1394,-34,16,216,0.03,0.07,28
467,139,53,1402,-31,21,224,0.03,0.07,28
468,138,51,1411,-32,19,233,0.03,0.07,28
469,135,50,1415,-35,18,237,0.03,0.07,28
470,137,51,1420,-33,19,242,0.03,0.07,28
471,135,49,1436,-35,17,258,0.03,0.07,28
472,134,46,1445,-36,14,267,0.03,0.07,28
473,135,43,1448,-35,11,270,0.03,0.07,28
474,130,43,1449,-40,11,271,0.03,0.07,28
475,125,44,1445,-45,12,267,0.03,0.07,28
476,124,44,1437,-46,12,259,0.03,0.07,28
477,123,45,1426,-47,13,248,0.03,0.07,28
478,120,46,1439,-50,14,261,0.03,0.07,28
479,115,45,1431,-55,13,253,0.03,0.07,28
480,115,49,1439,-55,17,261,0.03,0.07,28
481,116,48,1438,-54,16,260,0.03,0.07,28
482,117,48,1446,-53,16,268,0.03,0.07,28
483,118,44,1463,-52,12,285,0.03,0.07,28
484,114,43,1474,-56,11,296,0.03,0.07,28
485,114,44,1481,-56,12,303,0.03,0.07,28
486,113,44,1493,-57,12,315,0.03,0.07,28
487,117,42,1489,-53,10,311,0.03,0.07,28
488,118,41,1477,-52,9,299,0.03,0.07,28
489,124,35,1468,-46,3,290,0.03,0.07,28
490,124,30,1459,-46,-2,281,0.03,0.07,28
491,125,28,1455,-45,-4,277,0.03,0.07,28
492,125,29,1451,-45,-3,273,0.03,0.07,28
493,124,26,1441,-46,-6,263,0.03,0.07,28
494,126,25,1445,-44,-7,267,0.03,0.07,28
495,125,23,1437,-45,-9,259,0.03,0.07,28
496,124,22,1437,-46,-10,259,0.03,0.07,28
497,125,24,1435,-45,-8,257,0.03,0.07,28
498,128,26,1426,-42,-6,248,0.03,0.07,28
499,128,28,1417,-42,-4,239,0.03,0.07,28
500,129,29,1409,1,1,-8,0.019999999999999997,0.07,28
501,128,29,1400,0,1,-17,0.019999999999999997,0.07,28
502,128,29,1401,0,1,-16,0.019999999999999997,0.07,28
503,128,28,1404,0,0,-13,0.019999999999999997,0.07,28
504,131,27,1405,3,-1,-12,0.019999999999999997,0.07,28
505,132,26,1404,4,-2,-13,0.019999999999999997,0.07,28
506,135,27,1386,7,-1,-31,0.019999999999999997,0.07,28
507,136,28,1375,8,0,-42,0.019999999999999997,0.07,28
508,135,28,1367,7,0,-50,0.019999999999999997,0.07,28
509,136,26,1350,8,-2,-67,0.019999999999999997,0.07,28
510,135,24,1338,7,-4,-79,0.019999999999999997,0.07,28
511,135,26,1311,7,-2,-106,0.019999999999999997,0.07,28
512,136,26,1299,8,-2,-118,0.019999999999999997,0.07,28
513,135,26,1285,7,-2,-132,0.019999999999999997,0.07,28
514,134,25,1277,6,-3,-140,0.019999999999999997,0.07,28
515,136,21,1280,8,-7,-137,0.019999999999999997,0.07,28
516,138,17,1284,10,-11,-133,0.019999999999999997,0.07,28
517,137,16,1301,9,-12,-116,0.019999999999999997,0.07,28
518,139,13,1312,11,-15,-105,0.019999999999999997,0.07,28
519,137,13,1324,9,-15,-93,0.019999999999999997,0.07,28
520,137,11,1328,9,-17,-89,0.019999999999999997,0.07,28
521,138,10,1336,10,-18,-81,0.019999999999999997,0.07,28
522,140,10,1332,12,-18,-85,0.019999999999999997,0.07,28
523,141,12,1344,13,-16,-73,0.019999999999999997,0.07,28
524,141,12,1336,13,-16,-81,0.019999999999999997,0.07,28
525,141,15,1336,13,-13,-81,0.019999999999999997,0.07,28
526,143,15,1340,15,-13,-77,0.019999999999999997,0.07,28
527,144,16,1343,16,-12,-74,0.019999999999999997,0.07,28
528,144,16,1347,16,-12,-70,0.019999999999999997,0.07,28
529,146,15,1355,18,-13,-62,0.019999999999999997,0.07,28
530,143,15,1360,15,-13,-57,0.019999999999999997,0.07,28
531,145,14,1350,17,-14,-67,0.019999999999999997,0.07,28
532,144,13,1356,16,-15,-61,0.019999999999999997,0.07,28
533,146,14,1355,18,-14,-62,0.019999999999999997,0.07,28
534,148,14,1355,20,-14,-62,0.019999999999999997,0.07,28
535,150,13,1355,22,-15,-62,0.019999999999999997,0.07,28
536,150,13,1351,22,-15,-66,0.019999999999999997,0.07,28
537,148,13,1346,20,-15,-71,0.019999999999999997,0.07,28
538,152,13,1349,24,-15,-68,0.019999999999999997,0.07,28
539,151,13,1359,23,-15,-58,0.019999999999999997,0.07,28
540,150,15,1363,22,-13,-54,0.019999999999999997,0.07,28
541,153,15,1365,25,-13,-52,0.019999999999999997,0.07,28
542,152,16,1358,24,-12,-59,0.019999999999999997,0.07,28
543,153,15,1348,25,-13,-69,0.019999999999999997,0.07,28
544,155,16,1350,27,-12,-67,0.019999999999999997,0.07,28
545,154,18,1343,26,-10,-74,0.019999999999999997,0.07,28
546,154,18,1337,26,-10,-80,0.019999999999999997,0.07,28
547,154,13,1331,26,-15,-86,0.019999999999999997,0.07,28
548,155,13,1332,27,-15,-85,0.019999999999999997,0.07,28
549,152,15,1324,24,-13,-93,0.019999999999999997,0.07,28
550,151,16,1320,23,-12,-97,0.019999999999999997,0.07,28
551,156,15,1309,28,-13,-108,0.019999999999999997,0.07,28
552,160,14,1301,32,-14,-116,0.019999999999999997,0.07,28
553,158,14,1281,30,-14,-136,0.019999999999999997,0.07,28
554,161,14,1265,33,-14,-152,0.019999999999999997,0.07,28
555,162,14,1243,34,-14,-174,0.019999999999999997,0.07,28
556,164,15,1234,36,-13,-183,0.019999999999999997,0.07,28
557,165,16,1215,37,-12,-202,0.019999999999999997,0.07,28
558,164,19,1203,36,-9,-214,0.019999999999999997,0.07,28
559,167,18,1189,39,-10,-228,0.019999999999999997,0.07,28
560,167,18,1185,39,-10,-232,0.019999999999999997,0.07,28
561,166,18,1174,38,-10,-243,0.019999999999999997,0.07,28
562,165,16,1173,37,-12,-244,0.019999999999999997,0.07,28
563,165,15,1168,37,-13,-249,0.019999999999999997,0.07,28
564,165,15,1164,37,-13,-253,0.019999999999999997,0.07,28
565,168,16,1165,40,-12,-252,0.019999999999999997,0.07,28
566,169,17,1162,41,-11,-255,0.019999999999999997,0.07,28
567,170,16,1152,42,-12,-265,0.019999999999999997,0.07,28
568,173,17,1146,45,-11,-271,0.019999999999999997,0.07,28
569,175,16,1137,47,-12,-280,0.019999999999999997,0.07,28
570,174,15,1126,46,-13,-291,0.019999999999999997,0.07,28
571,172,14,1134,44,-14,-283,0.019999999999999997,0.07,28
572,174,11,1124,46,-17,-293,0.019999999999999997,0.07,28
573,175,12,1120,47,-16,-297,0.019999999999999997,0.07,28
574,172,10,1121,44,-18,-296,0.019999999999999997,0.07,28
575,170,10,1102,42,-18,-315,0.019999999999999997,0.07,28
576,173,10,1092,45,-18,-325,0.019999999999999997,0.07,28
577,176,12,1078,48,-16,-339,0.019999999999999997,0.07,28
578,174,12,1075,46,-16,-342,0.019999999999999997,0.07,28
579,172,15,1070,44,-13,-347,0.019999999999999997,0.07,28
580,174,17,1080,46,-11,-337,0.019999999999999997,0.07,28
581,178,17,1090,50,-11,-327,0.019999999999999997,0.07,28
582,178,16,1097,50,-12,-320,0.019999999999999997,0.07,28
583,180,17,1097,52,-11,-320,0.019999999999999997,0.07,28
584,178,16,1094,50,-12,-323,0.019999999999999997,0.07,28
585,183,14,1102,55,-14,-315,0.019999999999999997,0.07,28
586,184,14,1097,56,-14,-320,0.019999999999999997,0.07,28
587,183,15,1099,55,-13,-318,0.019999999999999997,0.07,28
588,186,14,1085,58,-14,-332,0.019999999999999997,0.07,28
589,188,13,1090,60,-15,-327,0.019999999999999997,0.07,28
590,188,13,1083,60,-15,-334,0.019999999999999997,0.07,28
591,189,12,1077,61,-16,-340,0.019999999999999997,0.07,28
592,192,11,1076,64,-17,-341,0.019999999999999997,0.07,28
593,193,9,1068,65,-19,-349,0.019999999999999997,0.07,28
594,196,9,1063,68,-19,-354,0.019999999999999997,0.07,28
595,194,7,1064,66,-21,-353,0.019999999999999997,0.07,28
596,193,6,1050,65,-22,-367,0.019999999999999997,0.07,28
597,193,9,1055,65,-19,-362,0.019999999999999997,0.07,28
598,193,10,1065,65,-18,-352,0.019999999999999997,0.07,28
599,195,10,1051,67,-18,-366,0.019999999999999997,0.07,28
600,193,11,1053,-2,1,2,0.009999999999999997,0.07,28
601,188,10,1065,-7,0,14,0.009999999999999997,0.07,28
602,186,9,1061,-9,-1,10,0.009999999999999997,0.07,28
603,182,9,1071,-13,-1,20,0.009999999999999997,0.07,28
604,182,9,1071,-13,-1,20,0.009999999999999997,0.07,28
605,182,8,1075,-13,-2,24,0.009999999999999997,0.07,28
606,180,7,1084,-15,-3,33,0.009999999999999997,0.07,28
607,182,7,1095,-13,-3,44,0.009999999999999997,0.07,28
608,183,7,1090,-12,-3,39,0.009999999999999997,0.07,28
609,183,7,1090,-12,-3,39,0.009999999999999997,0.07,28
610,182,7,1094,-13,-3,43,0.009999999999999997,0.07,28
611,183,7,1105,-12,-3,54,0.009999999999999997,0.07,28
612,181,6,1099,-14,-4,48,0.009999999999999997,0.07,28
613,180,6,1094,-15,-4,43,0.009999999999999997,0.07,28
614,180,4,1089,-15,-6,38,0.009999999999999997,0.07,28
615,183,4,1086,-12,-6,35,0.009999999999999997,0.07,28
616,181,4,1090,-14,-6,39,0.009999999999999997,0.07,28
617,180,4,1086,-15,-6,35,0.009999999999999997,0.07,28
618,181,5,1081,-14,-5,30,0.009999999999999997,0.07,28
619,180,5,1094,-15,-5,43,0.009999999999999997,0.07,28
620,178,6,1094,-17,-4,43,0.009999999999999997,0.07,28
621,178,6,1097,-17,-4,46,0.009999999999999997,0.07,28
622,179,7,1096,-16,-3,45,0.009999999999999997,0.07,28
623,177,7,1101,-18,-3,50,0.009999999999999997,0.07,28
624,175,8,1109,-20,-2,58,0.009999999999999997,0.07,28
625,175,7,1113,-20,-3,62,0.009999999999999997,0.07,28
626,172,5,1116,-23,-5,65,0.009999999999999997,0.07,28
627,172,5,1114,-23,-5,63,0.009999999999999997,0.07,28
628,172,4,1123,-23,-6,72,0.009999999999999997,0.07,28
629,172,3,1120,-23,-7,69,0.009999999999999997,0.07,28
630,173,3,1118,-22,-7,67,0.009999999999999997,0.07,28
631,172,4,1120,-23,-6,69,0.009999999999999997,0.07,28
632,173,4,1127,-22,-6,76,0.009999999999999997,0.07,28
633,176,3,1137,-19,-7,86,0.009999999999999997,0.07,28
634,173,2,1142,-22,-8,91,0.009999999999999997,0.07,28
635,171,2,1138,-24,-8,87,0.009999999999999997,0.07,28
636,170,2,1137,-25,-8,86,0.009999999999999997,0.07,28
637,170,2,1132,-25,-8,81,0.009999999999999997,0.07,28
638,173,2,1140,-22,-8,89,0.009999999999999997,0.07,28
639,174,1,1135,-21,-9,84,0.009999999999999997,0.07,28
640,173,1,1157,-22,-9,106,0.009999999999999997,0.07,28
641,175,1,1167,-20,-9,116,0.009999999999999997,0.07,28
642,174,1,1183,-21,-9,132,0.009999999999999997,0.07,28
643,176,1,1191,-19,-9,140,0.009999999999999997,0.07,28
644,178,1,1174,-17,-9,123,0.009999999999999997,0.07,28
645,183,1,1168,-12,-9,117,0.009999999999999997,0.07,28
646,181,1,1172,-14,-9,121,0.009999999999999997,0.07,28
647,179,1,1169,-16,-9,118,0.009999999999999997,0.07,28
648,180,1,1167,-15,-9,116,0.009999999999999997,0.07,28
649,178,1,1170,-17,-9,119,0.009999999999999997,0.07,28
650,180,1,1174,-15,-9,123,0.009999999999999997,0.07,28
651,184,1,1160,-11,-9,109,0.009999999999999997,0.07,28
652,183,1,1161,-12,-9,110,0.009999999999999997,0.07,28
653,184,1,1153,-11,-9,102,0.009999999999999997,0.07,28
654,185,1,1154,-10,-9,103,0.009999999999999997,0.07,28
655,185,1,1158,-10,-9,107,0.009999999999999997,0.07,28
656,183,1,1143,-12,-9,92,0.009999999999999997,0.07,28
657,183,1,1133,-12,-9,82,0.009999999999999997,0.07,28
658,184,1,1143,-11,-9,92,0.009999999999999997,0.07,28
659,184,1,1130,-11,-9,79,0.009999999999999997,0.07,28
660,186,1,1114,-9,-9,63,0.009999999999999997,0.07,28
661,183,1,1097,-12,-9,46,0.009999999999999997,0.07,28
662,183,2,1083,-12,-8,32,0.009999999999999997,0.07,28
663,183,1,1076,-12,-9,25,0.009999999999999997,0.07,28
664,182,1,1065,-13,-9,14,0.009999999999999997,0.07,28
665,181,1,1059,-14,-9,8,0.009999999999999997,0.07,28
666,184,1,1048,-11,-9,-3,0.009999999999999997,0.07,28
667,186,1,1047,-9,-9,-4,0.009999999999999997,0.07,28
668,187,1,1033,-8,-9,-18,0.009999999999999997,0.07,28
669,184,1,1029,-11,-9,-22,0.009999999999999997,0.07,28
670,185,1,1018,-10,-9,-33,0.009999999999999997,0.07,28
671,187,1,1023,-8,-9,-28,0.009999999999999997,0.07,28
672,186,1,1045,-9,-9,-6,0.009999999999999997,0.07,28
673,187,1,1051,-8,-9,0,0.009999999999999997,0.07,28
674,185,1,1061,-10,-9,10,0.009999999999999997,0.07,28
675,185,1,1058,-10,-9,7,0.009999999999999997,0.07,28
676,183,1,1049,-12,-9,-2,0.009999999999999997,0.07,28
677,185,1,1051,-10,-9,0,0.009999999999999997,0.07,28
678,186,1,1046,-9,-9,-5,0.009999999999999997,0.07,28
679,185,1,1064,-10,-9,13,0.009999999999999997,0.07,28
680,185,2,1064,-10,-8,13,0.009999999999999997,0.07,28
681,187,2,1072,-8,-8,21,0.009999999999999997,0.07,28
682,188,2,1068,-7,-8,17,0.009999999999999997,0.07,28
683,189,2,1069,-6,-8,18,0.009999999999999997,0.07,28
684,191,2,1063,-4,-8,12,0.009999999999999997,0.07,28
685,194,2,1060,-1,-8,9,0.009999999999999997,0.07,28
686,194,4,1048,-1,-6,-3,0.009999999999999997,0.07,28
687,192,4,1056,-3,-6,5,0.009999999999999997,0.07,28
688,192,4,1065,-3,-6,14,0.009999999999999997,0.07,28
689,190,4,1060,-5,-6,9,0.009999999999999997,0.07,28
690,190,4,1057,-5,-6,6,0.009999999999999997,0.07,28
691,191,4,1060,-4,-6,9,0.009999999999999997,0.07,28
692,191,3,1065,-4,-7,14,0.009999999999999997,0.07,28
693,192,2,1067,-3,-8,16,0.009999999999999997,0.07,28
694,191,2,1076,-4,-8,25,0.009999999999999997,0.07,28
695,189,2,1084,-6,-8,33,0.009999999999999997,0.07,28
696,189,2,1084,-6,-8,33,0.009999999999999997,0.07,28
697,186,2,1092,-9,-8,41,0.009999999999999997,0.07,28
698,186,3,1102,-9,-7,51,0.009999999999999997,0.07,28
699,181,3,1100,-14,-7,49,0.009999999999999997,0.07,28
700,180,4,1091,-1,1,-9,0.009999999999999997,0.07,26
701,180,4,1099,-1,1,-1,0.009999999999999997,0.07,26
702,182,4,1098,1,1,-2,0.009999999999999997,0.07,26
703,184,4,1096,3,1,-4,0.009999999999999997,0.07,26
704,184,4,1105,3,1,5,0.009999999999999997,0.07,26
705,186,4,1112,5,1,12,0.009999999999999997,0.07,26
706,184,4,1114,3,1,14,0.009999999999999997,0.07,26
707,183,4,1103,2,1,3,0.009999999999999997,0.07,26
708,183,4,1111,2,1,11,0.009999999999999997,0.07,26
709,183,4,1120,2,1,20,0.009999999999999997,0.07,26
710,182,4,1126,1,1,26,0.009999999999999997,0.07,26
711,181,4,1125,0,1,25,0.009999999999999997,0.07,26
712,182,3,1136,1,0,36,0.009999999999999997,0.07,26
713,183,5,1152,2,2,52,0.009999999999999997,0.07,26
714,186,7,1150,5,4,50,0.009999999999999997,0.07,26
715,185,7,1148,4,4,48,0.009999999999999997,0.07,26
716,185,7,1144,4,4,44,0.009999999999999997,0.07,26
717,186,6,1154,5,3,54,0.009999999999999997,0.07,26
718,186,6,1151,5,3,51,0.009999999999999997,0.07,26
719,185,6,1150,4,3,50,0.009999999999999997,0.07,26
720,187,7,1154,6,4,54,0.009999999999999997,0.07,26
721,185,8,1158,4,5,58,0.009999999999999997,0.07,26
722,185,9,1142,4,6,42,0.009999999999999997,0.07,26
723,187,9,1122,6,6,22,0.009999999999999997,0.07,26
724,187,8,1122,6,5,22,0.009999999999999997,0.07,26
725,186,12,1115,5,9,15,0.009999999999999997,0.07,26
726,187,10,1101,6,7,1,0.009999999999999997,0.07,26
727,186,11,1085,5,8,-15,0.009999999999999997,0.07,26
728,188,11,1095,7,8,-5,0.009999999999999997,0.07,26
729,187,9,1094,6,6,-6,0.009999999999999997,0.07,26
730,186,10,1087,5,7,-13,0.009999999999999997,0.07,26
731,184,12,1081,3,9,-19,0.009999999999999997,0.07,26
732,183,12,1079,2,9,-21,0.009999999999999997,0.07,26
733,184,11,1082,3,8,-18,0.009999999999999997,0.07,26
734,184,10,1087,3,7,-13,0.009999999999999997,0.07,26
735,184,9,1078,3,6,-22,0.009999999999999997,0.07,26
736,183,9,1065,2,6,-35,0.009999999999999997,0.07,26
737,185,9,1066,4,6,-34,0.009999999999999997,0.07,26
738,184,7,1074,3,4,-26,0.009999999999999997,0.07,26
739,186,6,1077,5,3,-23,0.009999999999999997,0.07,26
740,187,5,1092,6,2,-8,0.009999999999999997,0.07,26
741,190,7,1085,9,4,-15,0.009999999999999997,0.07,26
742,190,7,1075,9,4,-25,0.009999999999999997,0.07,26
743,190,6,1068,9,3,-32,0.009999999999999997,0.07,26
744,189,5,1076,8,2,-24,0.009999999999999997,0.07,26
745,190,6,1087,9,3,-13,0.009999999999999997,0.07,26
746,191,5,1075,10,2,-25,0.009999999999999997,0.07,26
747,192,3,1061,11,0,-39,0.009999999999999997,0.07,26
748,191,3,1064,10,0,-36,0.009999999999999997,0.07,26
749,194,3,1078,13,0,-22,0.009999999999999997,0.07,26
750,194,3,1081,13,0,-19,0.009999999999999997,0.07,26
751,194,2,1079,13,-1,-21,0.009999999999999997,0.07,26
752,195,2,1097,14,-1,-3,0.009999999999999997,0.07,26
753,195,2,1110,14,-1,10,0.009999999999999997,0.07,26
754,194,2,1124,13,-1,24,0.009999999999999997,0.07,26
755,193,2,1130,12,-1,30,0.009999999999999997,0.07,26
756,191,2,1134,10,-1,34,0.009999999999999997,0.07,26
757,193,2,1145,12,-1,45,0.009999999999999997,0.07,26
758,194,2,1155,13,-1,55,0.009999999999999997,0.07,26
759,196,2,1143,15,-1,43,0.009999999999999997,0.07,26
760,198,2,1130,17,-1,30,0.009999999999999997,0.07,26
761,200,2,1133,19,-1,33,0.009999999999999997,0.07,26
762,202,2,1123,21,-1,23,0.009999999999999997,0.07,26
763,203,2,1117,22,-1,17,0.009999999999999997,0.07,26
764,202,3,1098,21,0,-2,0.009999999999999997,0.07,26
765,202,3,1079,21,0,-21,0.009999999999999997,0.07,26
766,201,5,1072,20,2,-28,0.009999999999999997,0.07,26
767,200,5,1067,19,2,-33,0.009999999999999997,0.07,26
768,203,5,1065,22,2,-35,0.009999999999999997,0.07,26
769,204,5,1071,23,2,-29,0.009999999999999997,0.07,26
770,206,4,1078,25,1,-22,0.009999999999999997,0.07,26
771,208,4,1062,27,1,-38,0.009999999999999997,0.07,26
772,211,4,1053,30,1,-47,0.009999999999999997,0.07,26
773,207,4,1052,26,1,-48,0.009999999999999997,0.07,26
774,209,4,1053,28,1,-47,0.009999999999999997,0.07,26
775,209,4,1042,28,1,-58,0.009999999999999997,0.07,26
776,206,4,1043,25,1,-57,0.009999999999999997,0.07,26
777,207,4,1044,26,1,-56,0.009999999999999997,0.07,26
778,206,4,1037,25,1,-63,0.009999999999999997,0.07,26
779,206,4,1049,25,1,-51,0.009999999999999997,0.07,26
780,207,4,1032,26,1,-68,0.009999999999999997,0.07,26
781,208,4,1029,27,1,-71,0.009999999999999997,0.07,26
782,207,5,1036,26,2,-64,0.009999999999999997,0.07,26
783,209,5,1029,28,2,-71,0.009999999999999997,0.07,26
784,210,5,1029,29,2,-71,0.009999999999999997,0.07,26
785,210,4,1037,29,1,-63,0.009999999999999997,0.07,26
786,211,4,1041,30,1,-59,0.009999999999999997,0.07,26
787,213,4,1028,32,1,-72,0.009999999999999997,0.07,26
788,215,4,1021,34,1,-79,0.009999999999999997,0.07,26
789,215,5,1015,34,2,-85,0.009999999999999997,0.07,26
790,217,5,1027,36,2,-73,0.009999999999999997,0.07,26
791,219,5,1033,38,2,-67,0.009999999999999997,0.07,26
792,219,5,1025,38,2,-75,0.009999999999999997,0.07,26
793,219,5,1035,38,2,-65,0.009999999999999997,0.07,26
794,219,5,1029,38,2,-71,0.009999999999999997,0.07,26
795,219,6,1014,38,3,-86,0.009999999999999997,0.07,26
796,219,6,1003,38,3,-97,0.009999999999999997,0.07,26
797,215,9,1013,34,6,-87,0.009999999999999997,0.07,26
798,213,10,1029,32,7,-71,0.009999999999999997,0.07,26
799,212,10,1039,31,7,-61,0.009999999999999997,0.07,26
800,209,10,1034,-3,0,-5,0.009999999999999997,0.07,26
801,211,10,1037,-1,0,-2,0.009999999999999997,0.07,26
802,210,9,1037,-2,-1,-2,0.009999999999999997,0.07,26
803,213,8,1030,1,-2,-9,0.009999999999999997,0.07,26
804,214,7,1023,2,-3,-16,0.009999999999999997,0.07,26
805,213,7,1011,1,-3,-28,0.009999999999999997,0.07,26
806,215,7,1018,3,-3,-21,0.009999999999999997,0.07,26
807,215,7,1014,3,-3,-25,0.009999999999999997,0.07,26
808,212,8,1008,0,-2,-31,0.009999999999999997,0.07,26
809,216,10,1015,4,0,-24,0.009999999999999997,0.07,26
810,218,10,1017,6,0,-22,0.009999999999999997,0.07,26
811,220,10,1005,8,0,-34,0.009999999999999997,0.07,26
812,219,10,999,7,0,-40,0.009999999999999997,0.07,26
813,219,12,1003,7,2,-36,0.009999999999999997,0.07,26
814,217,14,1015,5,4,-24,0.009999999999999997,0.07,26
815,217,14,1019,5,4,-20,0.009999999999999997,0.07,26
816,219,13,1009,7,3,-30,0.009999999999999997,0.07,26
817,220,11,1015,8,1,-24,0.009999999999999997,0.07,26
818,221,10,1026,9,0,-13,0.009999999999999997,0.07,26
819,225,11,1032,13,1,-7,0.009999999999999997,0.07,26
820,226,13,1044,14,3,5,0.009999999999999997,0.07,26
821,228,11,1064,16,1,25,0.009999999999999997,0.07,26
822,230,10,1056,18,0,17,0.009999999999999997,0.07,26
823,233,11,1049,21,1,10,0.009999999999999997,0.07,26
824,234,10,1033,22,0,-6,0.009999999999999997,0.07,26
825,232,9,1036,20,-1,-3,0.009999999999999997,0.07,26
826,233,8,1038,21,-2,-1,0.009999999999999997,0.07,26
827,235,7,1045,23,-3,6,0.009999999999999997,0.07,26
828,234,7,1042,22,-3,3,0.009999999999999997,0.07,26
829,232,7,1050,20,-3,11,0.009999999999999997,0.07,26
830,234,7,1053,22,-3,14,0.009999999999999997,0.07,26
831,237,7,1051,25,-3,12,0.009999999999999997,0.07,26
832,237,7,1053,25,-3,14,0.009999999999999997,0.07,26
833,237,8,1061,25,-2,22,0.009999999999999997,0.07,26
834,235,11,1056,23,1,17,0.009999999999999997,0.07,26
835,233,11,1043,21,1,4,0.009999999999999997,0.07,26
836,228,11,1029,16,1,-10,0.009999999999999997,0.07,26
837,225,11,1031,13,1,-8,0.009999999999999997,0.07,26
838,222,11,1042,10,1,3,0.009999999999999997,0.07,26
839,224,12,1042,12,2,3,0.009999999999999997,0.07,26
840,224,11,1035,12,1,-4,0.009999999999999997,0.07,26
841,224,9,1037,12,-1,-2,0.009999999999999997,0.07,26
842,225,9,1031,13,-1,-8,0.009999999999999997,0.07,26
843,221,12,1025,9,2,-14,0.009999999999999997,0.07,26
844,224,14,1015,12,4,-24,0.009999999999999997,0.07,26
845,223,15,1008,11,5,-31,0.009999999999999997,0.07,26
846,217,17,1015,5,7,-24,0.009999999999999997,0.07,26
847,213,16,1004,1,6,-35,0.009999999999999997,0.07,26
848,211,16,1024,-1,6,-15,0.009999999999999997,0.07,26
849,210,16,1032,-2,6,-7,0.009999999999999997,0.07,26
850,211,17,1043,-1,7,4,0.009999999999999997,0.07,26
851,211,19,1037,-1,9,-2,0.009999999999999997,0.07,26
852,212,20,1047,0,10,8,0.009999999999999997,0.07,26
853,211,20,1043,-1,10,4,0.009999999999999997,0.07,26
854,212,19,1043,0,9,4,0.009999999999999997,0.07,26
855,210,18,1044,-2,8,5,0.009999999999999997,0.07,26
856,211,18,1037,-1,8,-2,0.009999999999999997,0.07,26
857,211,17,1046,-1,7,7,0.009999999999999997,0.07,26
858,207,17,1046,-5,7,7,0.009999999999999997,0.07,26
859,210,16,1046,-2,6,7,0.009999999999999997,0.07,26
860,208,16,1032,-4,6,-7,0.009999999999999997,0.07,26
861,205,15,1037,-7,5,-2,0.009999999999999997,0.07,26
862,202,14,1046,-10,4,7,0.009999999999999997,0.07,26
863,201,18,1052,-11,8,13,0.009999999999999997,0.07,26
864,205,18,1042,-7,8,3,0.009999999999999997,0.07,26
865,207,18,1046,-5,8,7,0.009999999999999997,0.07,26
866,209,20,1064,-3,10,25,0.009999999999999997,0.07,26
867,208,21,1066,-4,11,27,0.009999999999999997,0.07,26
868,209,19,1085,-3,9,46,0.009999999999999997,0.07,26
869,209,20,1088,-3,10,49,0.009999999999999997,0.07,26
870,207,21,1095,-5,11,56,0.009999999999999997,0.07,26
871,206,21,1090,-6,11,51,0.009999999999999997,0.07,26
872,207,22,1080,-5,12,41,0.009999999999999997,0.07,26
873,212,24,1079,0,14,40,0.009999999999999997,0.07,26
874,210,23,1072,-2,13,33,0.009999999999999997,0.07,26
875,210,21,1060,-2,11,21,0.009999999999999997,0.07,26
876,212,23,1065,0,13,26,0.009999999999999997,0.07,26
877,207,23,1068,-5,13,29,0.009999999999999997,0.07,26
878,208,22,1064,-4,12,25,0.009999999999999997,0.07,26
879,208,21,1062,-4,11,23,0.009999999999999997,0.07,26
880,208,20,1063,-4,10,24,0.009999999999999997,0.07,26
881,206,20,1061,-6,10,22,0.009999999999999997,0.07,26
882,206,22,1071,-6,12,32,0.009999999999999997,0.07,26
883,205,21,1070,-7,11,31,0.009999999999999997,0.07,26
884,202,19,1069,-10,9,30,0.009999999999999997,0.07,26
885,198,16,1071,-14,6,32,0.009999999999999997,0.07,26
886,195,15,1084,-17,5,45,0.009999999999999997,0.07,26
887,195,16,1087,-17,6,48,0.009999999999999997,0.07,26
888,194,16,1083,-18,6,44,0.009999999999999997,0.07,26
889,196,17,1077,-16,7,38,0.009999999999999997,0.07,26
890,193,17,1102,-19,7,63,0.009999999999999997,0.07,26
891,192,17,1105,-20,7,66,0.009999999999999997,0.07,26
892,194,19,1092,-18,9,53,0.009999999999999997,0.07,26
893,194,19,1088,-18,9,49,0.009999999999999997,0.07,26
894,194,19,1084,-18,9,45,0.009999999999999997,0.07,26
895,195,20,1087,-17,10,48,0.009999999999999997,0.07,26
896,199,21,1096,-13,11,57,0.009999999999999997,0.07,26
897,195,24,1101,-17,14,62,0.009999999999999997,0.07,26
898,199,23,1106,-13,13,67,0.009999999999999997,0.07,26
899,194,24,1107,-18,14,68,0.009999999999999997,0.07,26
900,196,23,1109,2,-1,2,0.009999999999999997,0.07,26
901,196,25,1125,2,1,18,0.009999999999999997,0.07,26
902,194,24,1117,0,0,10,0.009999999999999997,0.07,26
903,195,22,1121,1,-2,14,0.009999999999999997,0.07,26
904,195,22,1133,1,-2,26,0.009999999999999997,0.07,26
905,195,25,1131,1,1,24,0.009999999999999997,0.07,26
906,192,25,1135,-2,1,28,0.009999999999999997,0.07,26
907,193,25,1133,-1,1,26,0.009999999999999997,0.07,26
908,190,28,1131,-4,4,24,0.009999999999999997,0.07,26
909,188,30,1121,-6,6,14,0.009999999999999997,0.07,26
910,192,31,1118,-2,7,11,0.009999999999999997,0.07,26
911,190,32,1117,-4,8,10,0.009999999999999997,0.07,26
912,188,30,1115,-6,6,8,0.009999999999999997,0.07,26
913,188,30,1114,-6,6,7,0.009999999999999997,0.07,26
914,188,26,1125,-6,2,18,0.009999999999999997,0.07,26
915,187,24,1132,-7,0,25,0.009999999999999997,0.07,26
916,183,21,1119,-11,-3,12,0.009999999999999997,0.07,26
917,181,21,1109,-13,-3,2,0.009999999999999997,0.07,26
918,182,21,1116,-12,-3,9,0.009999999999999997,0.07,26
919,183,22,1112,-11,-2,5,0.009999999999999997,0.07,26
920,185,24,1113,-9,0,6,0.009999999999999997,0.07,26
921,186,25,1109,-8,1,2,0.009999999999999997,0.07,26
922,186,24,1100,-8,0,-7,0.009999999999999997,0.07,26
923,189,22,1101,-5,-2,-6,0.009999999999999997,0.07,26
924,189,26,1106,-5,2,-1,0.009999999999999997,0.07,26
925,186,25,1114,-8,1,7,0.009999999999999997,0.07,26
926,188,24,1109,-6,0,2,0.009999999999999997,0.07,26
927,186,25,1113,-8,1,6,0.009999999999999997,0.07,26
928,187,27,1120,-7,3,13,0.009999999999999997,0.07,26
929,186,28,1113,-8,4,6,0.009999999999999997,0.07,26
930,185,30,1102,-9,6,-5,0.009999999999999997,0.07,26
931,185,34,1102,-9,10,-5,0.009999999999999997,0.07,26
932,187,32,1100,-7,8,-7,0.009999999999999997,0.07,26
933,185,32,1104,-9,8,-3,0.009999999999999997,0.07,26
934,183,31,1101,-11,7,-6,0.009999999999999997,0.07,26
935,182,36,1113,-12,12,6,0.009999999999999997,0.07,26
936,180,39,1122,-14,15,15,0.009999999999999997,0.07,26
937,179,39,1116,-15,15,9,0.009999999999999997,0.07,26
938,177,40,1133,-17,16,26,0.009999999999999997,0.07,26
939,172,43,1138,-22,19,31,0.009999999999999997,0.07,26
940,175,41,1136,-19,17,29,0.009999999999999997,0.07,26
941,178,39,1133,-16,15,26,0.009999999999999997,0.07,26
942,178,38,1135,-16,14,28,0.009999999999999997,0.07,26
943,177,38,1150,-17,14,43,0.009999999999999997,0.07,26
944,174,38,1153,-20,14,46,0.009999999999999997,0.07,26
945,177,37,1155,-17,13,48,0.009999999999999997,0.07,26
946,178,39,1154,-16,15,47,0.009999999999999997,0.07,26
947,177,38,1161,-17,14,54,0.009999999999999997,0.07,26
948,175,39,1171,-19,15,64,0.009999999999999997,0.07,26
949,170,35,1185,-24,11,78,0.009999999999999997,0.07,26
950,168,34,1194,-26,10,87,0.009999999999999997,0.07,26
951,165,36,1193,-29,12,86,0.009999999999999997,0.07,26
952,164,35,1191,-30,11,84,0.009999999999999997,0.07,26
953,166,31,1180,-28,7,73,0.009999999999999997,0.07,26
954,167,33,1174,-27,9,67,0.009999999999999997,0.07,26
955,164,35,1179,-30,11,72,0.009999999999999997,0.07,26
956,162,35,1184,-32,11,77,0.009999999999999997,0.07,26
957,159,38,1198,-35,14,91,0.009999999999999997,0.07,26
958,157,40,1206,-37,16,99,0.009999999999999997,0.07,26
959,159,42,1200,-35,18,93,0.009999999999999997,0.07,26
960,158,46,1206,-36,22,99,0.009999999999999997,0.07,26
961,157,44,1212,-37,20,105,0.009999999999999997,0.07,26
962,154,46,1212,-40,22,105,0.009999999999999997,0.07,26
963,155,47,1229,-39,23,122,0.009999999999999997,0.07,26
964,153,50,1229,-41,26,122,0.009999999999999997,0.07,26
965,153,49,1226,-41,25,119,0.009999999999999997,0.07,26
966,149,48,1237,-45,24,130,0.009999999999999997,0.07,26
967,152,46,1244,-42,22,137,0.009999999999999997,0.07,26
968,151,47,1259,-43,23,152,0.009999999999999997,0.07,26
969,151,49,1260,-43,25,153,0.009999999999999997,0.07,26
970,152,47,1258,-42,23,151,0.009999999999999997,0.07,26
971,152,49,1263,-42,25,156,0.009999999999999997,0.07,26
972,151,47,1266,-43,23,159,0.009999999999999997,0.07,26
973,150,46,1260,-44,22,153,0.009999999999999997,0.07,26
974,150,44,1258,-44,20,151,0.009999999999999997,0.07,26
975,151,39,1263,-43,15,156,0.009999999999999997,0.07,26
976,151,35,1258,-43,11,151,0.009999999999999997,0.07,26
977,152,34,1272,-42,10,165,0.009999999999999997,0.07,26
978,151,35,1289,-43,11,182,0.009999999999999997,0.07,26
979,149,37,1295,-45,13,188,0.009999999999999997,0.07,26
980,147,35,1305,-47,11,198,0.009999999999999997,0.07,26
981,147,34,1316,-47,10,209,0.009999999999999997,0.07,26
982,146,35,1325,-48,11,218,0.009999999999999997,0.07,26
983,147,35,1332,-47,11,225,0.009999999999999997,0.07,26
984,147,34,1338,-47,10,231,0.009999999999999997,0.07,26
985,146,32,1352,-48,8,245,0.009999999999999997,0.07,26
986,150,32,1363,-44,8,256,0.009999999999999997,0.07,26
987,151,31,1362,-43,7,255,0.009999999999999997,0.07,26
988,152,29,1364,-42,5,257,0.009999999999999997,0.07,26
989,152,27,1351,-42,3,244,0.009999999999999997,0.07,26
990,151,26,1355,-43,2,248,0.009999999999999997,0.07,26
991,153,27,1362,-41,3,255,0.009999999999999997,0.07,26
992,153,27,1346,-41,3,239,0.009999999999999997,0.07,26
993,152,27,1359,-42,3,252,0.009999999999999997,0.07,26
994,150,27,1340,-44,3,233,0.009999999999999997,0.07,26
995,150,25,1342,-44,1,235,0.009999999999999997,0.07,26
996,150,25,1336,-44,1,229,0.009999999999999997,0.07,26
997,149,27,1336,-45,3,229,0.009999999999999997,0.07,26
998,147,30,1328,-47,6,221,0.009999999999999997,0.07,26
999,146,29,1326,-48,5,219,0.009999999999999997,0.07,26
1000,147,29,1331,1,0,5,0.009999999999999997,0.060000000000000005,26
1001,149,28,1322,3,-1,-4,0.009999999999999997,0.060000000000000005,26
1002,147,29,1315,1,0,-11,0.009999999999999997,0.060000000000000005,26
1003,147,30,1297,1,1,-29,0.009999999999999997,0.060000000000000005,26
1004,146,26,1285,0,-3,-41,0.009999999999999997,0.060000000000000005,26
1005,145,27,1288,-1,-2,-38,0.009999999999999997,0.060000000000000005,26
1006,147,27,1296,1,-2,-30,0.009999999999999997,0.060000000000000005,26
1007,147,25,1292,1,-4,-34,0.009999999999999997,0.060000000000000005,26
1008,147,23,1288,1,-6,-38,0.009999999999999997,0.060000000000000005,26
1009,146,25,1283,0,-4,-43,0.009999999999999997,0.060000000000000005,26
1010,147,29,1280,1,0,-46,0.009999999999999997,0.060000000000000005,26
1011,147,28,1281,1,-1,-45,0.009999999999999997,0.060000000000000005,26
1012,148,28,1267,2,-1,-59,0.009999999999999997,0.060000000000000005,26
1013,150,25,1267,4,-4,-59,0.009999999999999997,0.060000000000000005,26
1014,151,26,1261,5,-3,-65,0.009999999999999997,0.060000000000000005,26
1015,152,25,1260,6,-4,-66,0.009999999999999997,0.060000000000000005,26
1016,151,25,1253,5,-4,-73,0.009999999999999997,0.060000000000000005,26
1017,151,24,1253,5,-5,-73,0.009999999999999997,0.060000000000000005,26
1018,150,22,1248,4,-7,-78,0.009999999999999997,0.060000000000000005,26
1019,149,19,1244,3,-10,-82,0.009999999999999997,0.060000000000000005,26
1020,148,19,1257,2,-10,-69,0.009999999999999997,0.060000000000000005,26
1021,147,20,1264,1,-9,-62,0.009999999999999997,0.060000000000000005,26
1022,148,20,1283,2,-9,-43,0.009999999999999997,0.060000000000000005,26
1023,149,19,1278,3,-10,-48,0.009999999999999997,0.060000000000000005,26
1024,153,17,1283,7,-12,-43,0.009999999999999997,0.060000000000000005,26
1025,153,16,1292,7,-13,-34,0.009999999999999997,0.060000000000000005,26
1026,154,15,1288,8,-14,-38,0.009999999999999997,0.060000000000000005,26
1027,153,14,1285,7,-15,-41,0.009999999999999997,0.060000000000000005,26
1028,156,12,1275,10,-17,-51,0.009999999999999997,0.060000000000000005,26
1029,156,12,1275,10,-17,-51,0.009999999999999997,0.060000000000000005,26
1030,156,12,1283,10,-17,-43,0.009999999999999997,0.060000000000000005,26
1031,156,12,1279,10,-17,-47,0.009999999999999997,0.060000000000000005,26
1032,154,12,1276,8,-17,-50,0.009999999999999997,0.060000000000000005,26
1033,156,12,1271,10,-17,-55,0.009999999999999997,0.060000000000000005,26
1034,159,12,1263,13,-17,-63,0.009999999999999997,0.060000000000000005,26
1035,161,12,1249,15,-17,-77,0.009999999999999997,0.060000000000000005,26
1036,161,13,1235,15,-16,-91,0.009999999999999997,0.060000000000000005,26
1037,163,13,1233,17,-16,-93,0.009999999999999997,0.060000000000000005,26
1038,163,14,1233,17,-15,-93,0.009999999999999997,0.060000000000000005,26
1039,163,14,1237,17,-15,-89,0.009999999999999997,0.060000000000000005,26
1040,165,15,1245,19,-14,-81,0.009999999999999997,0.060000000000000005,26
1041,166,13,1251,20,-16,-75,0.009999999999999997,0.060000000000000005,26
1042,167,14,1246,21,-15,-80,0.009999999999999997,0.060000000000000005,26
1043,168,14,1233,22,-15,-93,0.009999999999999997,0.060000000000000005,26
1044,170,12,1241,24,-17,-85,0.009999999999999997,0.060000000000000005,26
1045,170,11,1234,24,-18,-92,0.009999999999999997,0.060000000000000005,26
1046,170,10,1228,24,-19,-98,0.009999999999999997,0.060000000000000005,26
1047,170,10,1213,24,-19,-113,0.009999999999999997,0.060000000000000005,26
1048,171,10,1201,25,-19,-125,0.009999999999999997,0.060000000000000005,26
1049,172,9,1208,26,-20,-118,0.009999999999999997,0.060000000000000005,26
1050,173,9,1197,27,-20,-129,0.009999999999999997,0.060000000000000005,26
1051,178,8,1190,32,-21,-136,0.009999999999999997,0.060000000000000005,26
1052,179,7,1182,33,-22,-144,0.009999999999999997,0.060000000000000005,26
1053,179,7,1180,33,-22,-146,0.009999999999999997,0.060000000000000005,26
1054,185,8,1190,39,-21,-136,0.009999999999999997,0.060000000000000005,26
1055,184,8,1196,38,-21,-130,0.009999999999999997,0.060000000000000005,26
1056,183,11,1181,37,-18,-145,0.009999999999999997,0.060000000000000005,26
1057,184,13,1182,38,-16,-144,0.009999999999999997,0.060000000000000005,26
1058,182,14,1181,36,-15,-145,0.009999999999999997,0.060000000000000005,26
1059,183,14,1166,37,-15,-160,0.009999999999999997,0.060000000000000005,26
1060,183,18,1167,37,-11,-159,0.009999999999999997,0.060000000000000005,26
1061,184,19,1157,38,-10,-169,0.009999999999999997,0.060000000000000005,26
1062,183,19,1156,37,-10,-170,0.009999999999999997,0.060000000000000005,26
1063,180,21,1157,34,-8,-169,0.009999999999999997,0.060000000000000005,26
1064,180,19,1151,34,-10,-175,0.009999999999999997,0.060000000000000005,26
1065,181,18,1140,35,-11,-186,0.009999999999999997,0.060000000000000005,26
1066,186,16,1135,40,-13,-191,0.009999999999999997,0.060000000000000005,26
1067,186,17,1123,40,-12,-203,0.009999999999999997,0.060000000000000005,26
1068,186,15,1117,40,-14,-209,0.009999999999999997,0.060000000000000005,26
1069,187,14,1110,41,-15,-216,0.009999999999999997,0.060000000000000005,26
1070,187,15,1102,41,-14,-224,0.009999999999999997,0.060000000000000005,26
1071,187,16,1094,41,-13,-232,0.009999999999999997,0.060000000000000005,26
1072,188,16,1095,42,-13,-231,0.009999999999999997,0.060000000000000005,26
1073,189,16,1097,43,-13,-229,0.009999999999999997,0.060000000000000005,26
1074,182,17,1094,36,-12,-232,0.009999999999999997,0.060000000000000005,26
1075,180,18,1101,34,-11,-225,0.009999999999999997,0.060000000000000005,26
1076,179,21,1114,33,-8,-212,0.009999999999999997,0.060000000000000005,26
1077,178,24,1108,32,-5,-218,0.009999999999999997,0.060000000000000005,26
1078,179,27,1107,33,-2,-219,0.009999999999999997,0.060000000000000005,26
1079,181,26,1108,35,-3,-218,0.009999999999999997,0.060000000000000005,26
1080,181,24,1107,35,-5,-219,0.009999999999999997,0.060000000000000005,26
1081,181,25,1104,35,-4,-222,0.009999999999999997,0.060000000000000005,26
1082,181,25,1118,35,-4,-208,0.009999999999999997,0.060000000000000005,26
1083,178,24,1118,32,-5,-208,0.009999999999999997,0.060000000000000005,26
1084,182,23,1119,36,-6,-207,0.009999999999999997,0.060000000000000005,26
1085,179,23,1139,33,-6,-187,0.009999999999999997,0.060000000000000005,26
1086,176,24,1126,30,-5,-200,0.009999999999999997,0.060000000000000005,26
1087,178,25,1144,32,-4,-182,0.009999999999999997,0.060000000000000005,26
1088,181,26,1139,35,-3,-187,0.009999999999999997,0.060000000000000005,26
1089,180,27,1145,34,-2,-181,0.009999999999999997,0.060000000000000005,26
1090,177,26,1153,31,-3,-173,0.009999999999999997,0.060000000000000005,26
1091,178,28,1154,32,-1,-172,0.009999999999999997,0.060000000000000005,26
1092,177,28,1150,31,-1,-176,0.009999999999999997,0.060000000000000005,26
1093,175,29,1144,29,0,-182,0.009999999999999997,0.060000000000000005,26
1094,177,27,1153,31,-2,-173,0.009999999999999997,0.060000000000000005,26
1095,178,28,1169,32,-1,-157,0.009999999999999997,0.060000000000000005,26
1096,179,29,1187,33,0,-139,0.009999999999999997,0.060000000000000005,26
1097,180,31,1184,34,2,-142,0.009999999999999997,0.060000000000000005,26
1098,181,33,1176,35,4,-150,0.009999999999999997,0.060000000000000005,26
1099,181,31,1173,35,2,-153,0.009999999999999997,0.060000000000000005,26
1100,179,31,1168,-2,0,-5,0.009999999999999997,0.07,26
1101,179,34,1155,-2,3,-18,0.009999999999999997,0.07,26
1102,182,33,1135,1,2,-38,0.009999999999999997,0.07,26
1103,180,38,1145,-1,7,-28,0.009999999999999997,0.07,26
1104,180,42,1155,-1,11,-18,0.009999999999999997,0.07,26
1105,183,43,1148,2,12,-25,0.009999999999999997,0.07,26
1106,183,44,1146,2,13,-27,0.009999999999999997,0.07,26
1107,182,42,1149,1,11,-24,0.009999999999999997,0.07,26
1108,179,42,1147,-2,11,-26,0.009999999999999997,0.07,26
1109,174,42,1146,-7,11,-27,0.009999999999999997,0.07,26
1110,172,42,1141,-9,11,-32,0.009999999999999997,0.07,26
1111,173,39,1141,-8,8,-32,0.009999999999999997,0.07,26
1112,177,39,1159,-4,8,-14,0.009999999999999997,0.07,26
1113,175,38,1148,-6,7,-25,0.009999999999999997,0.07,26
1114,176,36,1151,-5,5,-22,0.009999999999999997,0.07,26
1115,176,37,1123,-5,6,-50,0.009999999999999997,0.07,26
1116,177,40,1122,-4,9,-51,0.009999999999999997,0.07,26
1117,176,40,1130,-5,9,-43,0.009999999999999997,0.07,26
1118,175,40,1125,-6,9,-48,0.009999999999999997,0.07,26
1119,176,41,1143,-5,10,-30,0.009999999999999997,0.07,26
1120,176,41,1135,-5,10,-38,0.009999999999999997,0.07,26
1121,172,43,1128,-9,12,-45,0.009999999999999997,0.07,26
1122,169,46,1119,-12,15,-54,0.009999999999999997,0.07,26
1123,172,51,1127,-9,20,-46,0.009999999999999997,0.07,26
1124,166,54,1135,-15,23,-38,0.009999999999999997,0.07,26
1125,163,52,1150,-18,21,-23,0.009999999999999997,0.07,26
1126,162,50,1162,-19,19,-11,0.009999999999999997,0.07,26
1127,160,50,1169,-21,19,-4,0.009999999999999997,0.07,26
1128,160,48,1194,-21,17,21,0.009999999999999997,0.07,26
1129,160,50,1199,-21,19,26,0.009999999999999997,0.07,26
1130,159,55,1202,-22,24,29,0.009999999999999997,0.07,26
1131,158,58,1223,-23,27,50,0.009999999999999997,0.07,26
1132,156,66,1240,-25,35,67,0.009999999999999997,0.07,26
1133,156,66,1245,-25,35,72,0.009999999999999997,0.07,26
1134,152,70,1242,-29,39,69,0.009999999999999997,0.07,26
1135,149,72,1245,-32,41,72,0.009999999999999997,0.07,26
1136,146,71,1238,-35,40,65,0.009999999999999997,0.07,26
1137,143,71,1234,-38,40,61,0.009999999999999997,0.07,26
1138,144,68,1237,-37,37,64,0.009999999999999997,0.07,26
1139,143,69,1245,-38,38,72,0.009999999999999997,0.07,26
1140,141,69,1261,-40,38,88,0.009999999999999997,0.07,26
1141,142,68,1283,-39,37,110,0.009999999999999997,0.07,26
1142,144,66,1287,-37,35,114,0.009999999999999997,0.07,26
1143,142,64,1284,-39,33,111,0.009999999999999997,0.07,26
1144,142,65,1315,-39,34,142,0.009999999999999997,0.07,26
1145,142,65,1328,-39,34,155,0.009999999999999997,0.07,26
1146,141,65,1347,-40,34,174,0.009999999999999997,0.07,26
1147,142,61,1364,-39,30,191,0.009999999999999997,0.07,26
1148,141,59,1366,-40,28,193,0.009999999999999997,0.07,26
1149,143,60,1368,-38,29,195,0.009999999999999997,0.07,26
1150,142,64,1378,-39,33,205,0.009999999999999997,0.07,26
1151,142,62,1383,-39,31,210,0.009999999999999997,0.07,26
1152,142,61,1384,-39,30,211,0.009999999999999997,0.07,26
1153,142,61,1398,-39,30,225,0.009999999999999997,0.07,26
1154,143,63,1396,-38,32,223,0.009999999999999997,0.07,26
1155,142,64,1401,-39,33,228,0.009999999999999997,0.07,26
1156,138,62,1404,-43,31,231,0.009999999999999997,0.07,26
1157,138,61,1392,-43,30,219,0.009999999999999997,0.07,26
1158,140,61,1386,-41,30,213,0.009999999999999997,0.07,26
1159,139,60,1392,-42,29,219,0.009999999999999997,0.07,26
1160,141,57,1402,-40,26,229,0.009999999999999997,0.07,26
1161,139,55,1410,-42,24,237,0.009999999999999997,0.07,26
1162,139,51,1427,-42,20,254,0.009999999999999997,0.07,26
1163,138,52,1436,-43,21,263,0.009999999999999997,0.07,26
1164,136,52,1439,-45,21,266,0.009999999999999997,0.07,26
1165,136,51,1449,-45,20,276,0.009999999999999997,0.07,26
1166,135,45,1448,-46,14,275,0.009999999999999997,0.07,26
1167,133,44,1446,-48,13,273,0.009999999999999997,0.07,26
1168,131,45,1446,-50,14,273,0.009999999999999997,0.07,26
1169,132,43,1464,-49,12,291,0.009999999999999997,0.07,26
1170,131,44,1451,-50,13,278,0.009999999999999997,0.07,26
1171,133,44,1449,-48,13,276,0.009999999999999997,0.07,26
1172,132,48,1442,-49,17,269,0.009999999999999997,0.07,26
1173,132,51,1440,-49,20,267,0.009999999999999997,0.07,26
1174,132,51,1452,-49,20,279,0.009999999999999997,0.07,26
1175,131,55,1466,-50,24,293,0.009999999999999997,0.07,26
1176,129,54,1455,-52,23,282,0.009999999999999997,0.07,26
1177,129,50,1450,-52,19,277,0.009999999999999997,0.07,26
1178,126,49,1456,-55,18,283,0.009999999999999997,0.07,26
1179,127,47,1449,-54,16,276,0.009999999999999997,0.07,26
1180,128,45,1450,-53,14,277,0.009999999999999997,0.07,26
1181,127,45,1447,-54,14,274,0.009999999999999997,0.07,26
1182,126,48,1454,-55,17,281,0.009999999999999997,0.07,26
1183,124,49,1468,-57,18,295,0.009999999999999997,0.07,26
1184,124,48,1467,-57,17,294,0.009999999999999997,0.07,26
1185,123,44,1468,-58,13,295,0.009999999999999997,0.07,26
1186,123,44,1467,-58,13,294,0.009999999999999997,0.07,26
1187,123,45,1477,-58,14,304,0.009999999999999997,0.07,26
1188,121,45,1477,-60,14,304,0.009999999999999997,0.07,26
1189,118,43,1474,-63,12,301,0.009999999999999997,0.07,26
1190,118,42,1477,-63,11,304,0.009999999999999997,0.07,26
1191,117,45,1475,-64,14,302,0.009999999999999997,0.07,26
1192,113,46,1479,-68,15,306,0.009999999999999997,0.07,26
1193,113,44,1498,-68,13,325,0.009999999999999997,0.07,26
1194,113,39,1508,-68,8,335,0.009999999999999997,0.07,26
1195,114,39,1500,-67,8,327,0.009999999999999997,0.07,26
1196,114,34,1501,-67,3,328,0.009999999999999997,0.07,26
1197,114,31,1498,-67,0,325,0.009999999999999997,0.07,26
1198,113,32,1510,-68,1,337,0.009999999999999997,0.07,26
1199,114,34,1504,-67,3,331,0.009999999999999997,0.07,26
1200,116,36,1506,2,2,2,0.009999999999999997,0.07,26
1201,120,34,1505,6,0,1,0.009999999999999997,0.07,26
1202,117,35,1508,3,1,4,0.009999999999999997,0.07,26
1203,119,31,1510,5,-3,6,0.009999999999999997,0.07,26
1204,120,31,1517,6,-3,13,0.009999999999999997,0.07,26
1205,119,28,1519,5,-6,15,0.009999999999999997,0.07,26
1206,118,28,1522,4,-6,18,0.009999999999999997,0.07,26
1207,117,29,1526,3,-5,22,0.009999999999999997,0.07,26
1208,116,30,1516,2,-4,12,0.009999999999999997,0.07,26
1209,116,28,1522,2,-6,18,0.009999999999999997,0.07,26
1210,116,29,1522,2,-5,18,0.009999999999999997,0.07,26
1211,115,29,1523,1,-5,19,0.009999999999999997,0.07,26
1212,114,29,1521,0,-5,17,0.009999999999999997,0.07,26
1213,112,31,1518,-2,-3,14,0.009999999999999997,0.07,26
1214,113,31,1522,-1,-3,18,0.009999999999999997,0.07,26
1215,116,34,1528,2,0,24,0.009999999999999997,0.07,26
1216,113,36,1520,-1,2,16,0.009999999999999997,0.07,26
1217,114,38,1529,0,4,25,0.009999999999999997,0.07,26
1218,114,34,1527,0,0,23,0.009999999999999997,0.07,26
1219,113,34,1513,-1,0,9,0.009999999999999997,0.07,26
1220,114,32,1500,0,-2,-4,0.009999999999999997,0.07,26
1221,115,30,1499,1,-4,-5,0.009999999999999997,0.07,26
1222,115,32,1502,1,-2,-2,0.009999999999999997,0.07,26
1223,116,28,1500,2,-6,-4,0.009999999999999997,0.07,26
1224,114,26,1497,0,-8,-7,0.009999999999999997,0.07,26
1225,114,24,1506,0,-10,2,0.009999999999999997,0.07,26
1226,110,24,1499,-4,-10,-5,0.009999999999999997,0.07,26
1227,109,22,1491,-5,-12,-13,0.009999999999999997,0.07,26
1228,111,22,1500,-3,-12,-4,0.009999999999999997,0.07,26
1229,110,23,1501,-4,-11,-3,0.009999999999999997,0.07,26
1230,109,24,1488,-5,-10,-16,0.009999999999999997,0.07,26
1231,111,22,1481,-3,-12,-23,0.009999999999999997,0.07,26
1232,113,22,1467,-1,-12,-37,0.009999999999999997,0.07,26
1233,115,23,1458,1,-11,-46,0.009999999999999997,0.07,26
1234,117,22,1458,3,-12,-46,0.009999999999999997,0.07,26
1235,117,22,1441,3,-12,-63,0.009999999999999997,0.07,26
1236,118,23,1440,4,-11,-64,0.009999999999999997,0.07,26
1237,118,24,1432,4,-10,-72,0.009999999999999997,0.07,26
1238,119,25,1429,5,-9,-75,0.009999999999999997,0.07,26
1239,118,27,1425,4,-7,-79,0.009999999999999997,0.07,26
1240,118,25,1420,4,-9,-84,0.009999999999999997,0.07,26
1241,120,25,1419,6,-9,-85,0.009999999999999997,0.07,26
1242,121,24,1432,7,-10,-72,0.009999999999999997,0.07,26
1243,122,23,1428,8,-11,-76,0.009999999999999997,0.07,26
1244,122,23,1425,8,-11,-79,0.009999999999999997,0.07,26
1245,124,20,1427,10,-14,-77,0.009999999999999997,0.07,26
1246,123,18,1433,9,-16,-71,0.009999999999999997,0.07,26
1247,124,18,1429,10,-16,-75,0.009999999999999997,0.07,26
1248,123,18,1433,9,-16,-71,0.009999999999999997,0.07,26
1249,125,17,1435,11,-17,-69,0.009999999999999997,0.07,26
1250,127,15,1421,13,-19,-83,0.009999999999999997,0.07,26
1251,127,13,1423,13,-21,-81,0.009999999999999997,0.07,26
1252,126,12,1412,12,-22,-92,0.009999999999999997,0.07,26
1253,124,12,1415,10,-22,-89,0.009999999999999997,0.07,26
1254,124,14,1404,10,-20,-100,0.009999999999999997,0.07,26
1255,124,15,1396,10,-19,-108,0.009999999999999997,0.07,26
1256,125,15,1391,11,-19,-113,0.009999999999999997,0.07,26
1257,126,15,1396,12,-19,-108,0.009999999999999997,0.07,26
1258,127,15,1410,13,-19,-94,0.009999999999999997,0.07,26
1259,127,14,1405,13,-20,-99,0.009999999999999997,0.07,26
1260,128,16,1394,14,-18,-110,0.009999999999999997,0.07,26
1261,128,17,1394,14,-17,-110,0.009999999999999997,0.07,26
1262,129,18,1403,15,-16,-101,0.009999999999999997,0.07,26
1263,128,18,1398,14,-16,-106,0.009999999999999997,0.07,26
1264,128,19,1400,14,-15,-104,0.009999999999999997,0.07,26
1265,131,20,1390,17,-14,-114,0.009999999999999997,0.07,26
1266,132,19,1378,18,-15,-126,0.009999999999999997,0.07,26
1267,134,17,1368,20,-17,-136,0.009999999999999997,0.07,26
1268,134,18,1359,20,-16,-145,0.009999999999999997,0.07,26
1269,135,21,1349,21,-13,-155,0.009999999999999997,0.07,26
1270,136,21,1343,22,-13,-161,0.009999999999999997,0.07,26
1271,139,20,1341,25,-14,-163,0.009999999999999997,0.07,26
1272,137,19,1343,23,-15,-161,0.009999999999999997,0.07,26
1273,140,18,1347,26,-16,-157,0.009999999999999997,0.07,26
1274,140,19,1333,26,-15,-171,0.009999999999999997,0.07,26
1275,140,20,1322,26,-14,-182,0.009999999999999997,0.07,26
1276,140,21,1314,26,-13,-190,0.009999999999999997,0.07,26
1277,141,19,1299,27,-15,-205,0.009999999999999997,0.07,26
1278,141,17,1301,27,-17,-203,0.009999999999999997,0.07,26
1279,140,15,1294,26,-19,-210,0.009999999999999997,0.07,26
1280,141,15,1288,27,-19,-216,0.009999999999999997,0.07,26
1281,140,15,1303,26,-19,-201,0.009999999999999997,0.07,26
1282,143,15,1308,29,-19,-196,0.009999999999999997,0.07,26
1283,141,15,1293,27,-19,-211,0.009999999999999997,0.07,26
1284,141,15,1284,27,-19,-220,0.009999999999999997,0.07,26
1285,140,14,1289,26,-20,-215,0.009999999999999997,0.07,26
1286,141,14,1292,27,-20,-212,0.009999999999999997,0.07,26
1287,141,14,1290,27,-20,-214,0.009999999999999997,0.07,26
1288,142,13,1278,28,-21,-226,0.009999999999999997,0.07,26
1289,141,13,1293,27,-21,-211,0.009999999999999997,0.07,26
1290,144,12,1287,30,-22,-217,0.009999999999999997,0.07,26
1291,142,11,1285,28,-23,-219,0.009999999999999997,0.07,26
1292,143,10,1282,29,-24,-222,0.009999999999999997,0.07,26
1293,142,11,1281,28,-23,-223,0.009999999999999997,0.07,26
1294,142,12,1283,28,-22,-221,0.009999999999999997,0.07,26
1295,141,12,1293,27,-22,-211,0.009999999999999997,0.07,26
1296,143,13,1306,29,-21,-198,0.009999999999999997,0.07,26
1297,143,15,1301,29,-19,-203,0.009999999999999997,0.07,26
1298,148,16,1287,34,-18,-217,0.009999999999999997,0.07,26
1299,148,15,1291,34,-19,-213,0.009999999999999997,0.07,26
1300,152,13,1301,4,-2,10,0.009999999999999997,0.07,26
1301,155,14,1304,7,-1,13,0.009999999999999997,0.07,26
1302,154,13,1315,6,-2,24,0.009999999999999997,0.07,26
1303,155,16,1312,7,1,21,0.009999999999999997,0.07,26
1304,155,17,1316,7,2,25,0.009999999999999997,0.07,26
1305,157,19,1313,9,4,22,0.009999999999999997,0.07,26
1306,157,19,1316,9,4,25,0.009999999999999997,0.07,26
1307,157,18,1302,9,3,11,0.009999999999999997,0.07,26
1308,158,16,1288,10,1,-3,0.009999999999999997,0.07,26
1309,156,17,1312,8,2,21,0.009999999999999997,0.07,26
1310,158,17,1313,10,2,22,0.009999999999999997,0.07,26
1311,158,18,1309,10,3,18,0.009999999999999997,0.07,26
1312,159,20,1311,11,5,20,0.009999999999999997,0.07,26
1313,159,22,1310,11,7,19,0.009999999999999997,0.07,26
1314,162,23,1310,14,8,19,0.009999999999999997,0.07,26
1315,164,28,1286,16,13,-5,0.009999999999999997,0.07,26
1316,163,28,1288,15,13,-3,0.009999999999999997,0.07,26
1317,162,29,1293,14,14,2,0.009999999999999997,0.07,26
1318,167,31,1292,19,16,1,0.009999999999999997,0.07,26
1319,166,28,1283,18,13,-8,0.009999999999999997,0.07,26
1320,166,26,1273,18,11,-18,0.009999999999999997,0.07,26
1321,164,22,1253,16,7,-38,0.009999999999999997,0.07,26
1322,166,19,1244,18,4,-47,0.009999999999999997,0.07,26
1323,164,18,1239,16,3,-52,0.009999999999999997,0.07,26
1324,163,21,1245,15,6,-46,0.009999999999999997,0.07,26
1325,164,24,1236,16,9,-55,0.009999999999999997,0.07,26
1326,166,29,1221,18,14,-70,0.009999999999999997,0.07,26
1327,167,33,1214,19,18,-77,0.009999999999999997,0.07,26
1328,170,32,1219,22,17,-72,0.009999999999999997,0.07,26
1329,170,30,1225,22,15,-66,0.009999999999999997,0.07,26
1330,173,30,1214,25,15,-77,0.009999999999999997,0.07,26
1331,173,31,1217,25,16,-74,0.009999999999999997,0.07,26
1332,173,32,1212,25,17,-79,0.009999999999999997,0.07,26
1333,173,33,1203,25,18,-88,0.009999999999999997,0.07,26
1334,171,34,1220,23,19,-71,0.009999999999999997,0.07,26
1335,173,32,1190,25,17,-101,0.009999999999999997,0.07,26
1336,174,27,1190,26,12,-101,0.009999999999999997,0.07,26
1337,171,26,1195,23,11,-96,0.009999999999999997,0.07,26
1338,169,25,1192,21,10,-99,0.009999999999999997,0.07,26
1339,167,22,1192,19,7,-99,0.009999999999999997,0.07,26
1340,167,21,1190,19,6,-101,0.009999999999999997,0.07,26
1341,169,18,1198,21,3,-93,0.009999999999999997,0.07,26
1342,171,15,1193,23,0,-98,0.009999999999999997,0.07,26
1343,171,17,1190,23,2,-101,0.009999999999999997,0.07,26
1344,169,22,1198,21,7,-93,0.009999999999999997,0.07,26
1345,171,22,1211,23,7,-80,0.009999999999999997,0.07,26
1346,172,24,1212,24,9,-79,0.009999999999999997,0.07,26
1347,172,25,1211,24,10,-80,0.009999999999999997,0.07,26
1348,172,27,1209,24,12,-82,0.009999999999999997,0.07,26
1349,172,32,1208,24,17,-83,0.009999999999999997,0.07,26
1350,170,33,1207,22,18,-84,0.009999999999999997,0.07,26
1351,169,32,1197,21,17,-94,0.009999999999999997,0.07,26
1352,169,30,1201,21,15,-90,0.009999999999999997,0.07,26
1353,171,28,1212,23,13,-79,0.009999999999999997,0.07,26
1354,173,31,1205,25,16,-86,0.009999999999999997,0.07,26
1355,177,32,1204,29,17,-87,0.009999999999999997,0.07,26
1356,175,31,1210,27,16,-81,0.009999999999999997,0.07,26
1357,173,30,1213,25,15,-78,0.009999999999999997,0.07,26
1358,171,32,1219,23,17,-72,0.009999999999999997,0.07,26
1359,170,29,1221,22,14,-70,0.009999999999999997,0.07,26
1360,169,28,1215,21,13,-76,0.009999999999999997,0.07,26
1361,165,28,1243,17,13,-48,0.009999999999999997,0.07,26
1362,168,29,1241,20,14,-50,0.009999999999999997,0.07,26
1363,168,27,1238,20,12,-53,0.009999999999999997,0.07,26
1364,166,25,1238,18,10,-53,0.009999999999999997,0.07,26
1365,165,24,1237,17,9,-54,0.009999999999999997,0.07,26
1366,163,26,1246,15,11,-45,0.009999999999999997,0.07,26
1367,160,29,1249,12,14,-42,0.009999999999999997,0.07,26
1368,156,28,1252,8,13,-39,0.009999999999999997,0.07,26
1369,157,28,1242,9,13,-49,0.009999999999999997,0.07,26
1370,157,28,1234,9,13,-57,0.009999999999999997,0.07,26
1371,157,27,1231,9,12,-60,0.009999999999999997,0.07,26
1372,157,27,1228,9,12,-63,0.009999999999999997,0.07,26
1373,158,28,1233,10,13,-58,0.009999999999999997,0.07,26
1374,158,30,1236,10,15,-55,0.009999999999999997,0.07,26
1375,157,33,1245,9,18,-46,0.009999999999999997,0.07,26
1376,155,31,1245,7,16,-46,0.009999999999999997,0.07,26
1377,156,34,1257,8,19,-34,0.009999999999999997,0.07,26
1378,154,34,1253,6,19,-38,0.009999999999999997,0.07,26
1379,151,36,1243,3,21,-48,0.009999999999999997,0.07,26
1380,150,37,1251,2,22,-40,0.009999999999999997,0.07,26
1381,151,38,1262,3,23,-29,0.009999999999999997,0.07,26
1382,152,38,1261,4,23,-30,0.009999999999999997,0.07,26
1383,149,36,1259,1,21,-32,0.009999999999999997,0.07,26
1384,149,36,1262,1,21,-29,0.009999999999999997,0.07,26
1385,147,38,1271,-1,23,-20,0.009999999999999997,0.07,26
1386,151,37,1280,3,22,-11,0.009999999999999997,0.07,26
1387,150,36,1273,2,21,-18,0.009999999999999997,0.07,26
1388,150,35,1271,2,20,-20,0.009999999999999997,0.07,26
1389,150,37,1274,2,22,-17,0.009999999999999997,0.07,26
1390,143,36,1293,-5,21,2,0.009999999999999997,0.07,26
1391,141,34,1304,-7,19,13,0.009999999999999997,0.07,26
1392,141,37,1305,-7,22,14,0.009999999999999997,0.07,26
1393,141,38,1317,-7,23,26,0.009999999999999997,0.07,26
1394,139,42,1330,-9,27,39,0.009999999999999997,0.07,26
1395,138,40,1336,-10,25,45,0.009999999999999997,0.07,26
1396,132,41,1354,-16,26,63,0.009999999999999997,0.07,26
1397,130,42,1357,-18,27,66,0.009999999999999997,0.07,26
1398,131,43,1364,-17,28,73,0.009999999999999997,0.07,26
1399,128,42,1375,-20,27,84,0.009999999999999997,0.07,26
1400,128,40,1380,0,-2,5,0.009999999999999997,0.08,26
1401,128,42,1390,0,0,15,0.009999999999999997,0.08,26
1402,127,42,1396,-1,0,21,0.009999999999999997,0.08,26
1403,128,43,1388,0,1,13,0.009999999999999997,0.08,26
1404,128,42,1403,0,0,28,0.009999999999999997,0.08,26
1405,127,41,1408,-1,-1,33,0.009999999999999997,0.08,26
1406,127,43,1403,-1,1,28,0.009999999999999997,0.08,26
1407,124,45,1405,-4,3,30,0.009999999999999997,0.08,26
1408,124,47,1414,-4,5,39,0.009999999999999997,0.08,26
1409,124,46,1424,-4,4,49,0.009999999999999997,0.08,26
1410,121,46,1424,-7,4,49,0.009999999999999997,0.08,26
1411,122,47,1426,-6,5,51,0.009999999999999997,0.08,26
1412,121,46,1425,-7,4,50,0.009999999999999997,0.08,26
1413,121,46,1427,-7,4,52,0.009999999999999997,0.08,26
1414,123,50,1439,-5,8,64,0.009999999999999997,0.08,26
1415,121,54,1446,-7,12,71,0.009999999999999997,0.08,26
1416,121,55,1442,-7,13,67,0.009999999999999997,0.08,26
1417,120,52,1443,-8,10,68,0.009999999999999997,0.08,26
1418,118,50,1448,-10,8,73,0.009999999999999997,0.08,26
1419,116,50,1452,-12,8,77,0.009999999999999997,0.08,26
1420,113,54,1448,-15,12,73,0.009999999999999997,0.08,26
1421,113,48,1458,-15,6,83,0.009999999999999997,0.08,26
1422,111,47,1464,-17,5,89,0.009999999999999997,0.08,26
1423,110,45,1471,-18,3,96,0.009999999999999997,0.08,26
1424,111,45,1477,-17,3,102,0.009999999999999997,0.08,26
1425,117,45,1473,-11,3,98,0.009999999999999997,0.08,26
1426,116,49,1482,-12,7,107,0.009999999999999997,0.08,26
1427,115,49,1483,-13,7,108,0.009999999999999997,0.08,26
1428,114,50,1479,-14,8,104,0.009999999999999997,0.08,26
1429,115,52,1486,-13,10,111,0.009999999999999997,0.08,26
1430,114,45,1487,-14,3,112,0.009999999999999997,0.08,26
1431,112,45,1495,-16,3,120,0.009999999999999997,0.08,26
1432,113,47,1501,-15,5,126,0.009999999999999997,0.08,26
1433,115,46,1504,-13,4,129,0.009999999999999997,0.08,26
1434,115,46,1499,-13,4,124,0.009999999999999997,0.08,26
1435,116,46,1495,-12,4,120,0.009999999999999997,0.08,26
1436,114,45,1510,-14,3,135,0.009999999999999997,0.08,26
1437,117,36,1511,-11,-6,136,0.009999999999999997,0.08,26
1438,118,34,1505,-10,-8,130,0.009999999999999997,0.08,26
1439,119,29,1502,-9,-13,127,0.009999999999999997,0.08,26
1440,119,27,1502,-9,-15,127,0.009999999999999997,0.08,26
1441,119,26,1504,-9,-16,129,0.009999999999999997,0.08,26
1442,120,24,1490,-8,-18,115,0.009999999999999997,0.08,26
1443,120,21,1497,-8,-21,122,0.009999999999999997,0.08,26
1444,122,23,1493,-6,-19,118,0.009999999999999997,0.08,26
1445,123,22,1482,-5,-20,107,0.009999999999999997,0.08,26
1446,125,21,1482,-3,-21,107,0.009999999999999997,0.08,26
1447,126,21,1476,-2,-21,101,0.009999999999999997,0.08,26
1448,126,19,1459,-2,-23,84,0.009999999999999997,0.08,26
1449,124,20,1462,-4,-22,87,0.009999999999999997,0.08,26
1450,126,16,1459,-2,-26,84,0.009999999999999997,0.08,26
1451,125,18,1463,-3,-24,88,0.009999999999999997,0.08,26
1452,128,17,1464,0,-25,89,0.009999999999999997,0.08,26
1453,127,13,1466,-1,-29,91,0.009999999999999997,0.08,26
1454,130,13,1477,2,-29,102,0.009999999999999997,0.08,26
1455,131,12,1488,3,-30,113,0.009999999999999997,0.08,26
1456,132,12,1482,4,-30,107,0.009999999999999997,0.08,26
1457,130,13,1480,2,-29,105,0.009999999999999997,0.08,26
1458,128,13,1475,0,-29,100,0.009999999999999997,0.08,26
1459,129,13,1466,1,-29,91,0.009999999999999997,0.08,26
1460,128,13,1467,0,-29,92,0.009999999999999997,0.08,26
1461,128,14,1463,0,-28,88,0.009999999999999997,0.08,26
1462,128,14,1455,0,-28,80,0.009999999999999997,0.08,26
1463,129,15,1456,1,-27,81,0.009999999999999997,0.08,26
1464,129,15,1456,1,-27,81,0.009999999999999997,0.08,26
1465,128,16,1450,0,-26,75,0.009999999999999997,0.08,26
1466,127,16,1438,-1,-26,63,0.009999999999999997,0.08,26
1467,127,17,1418,-1,-25,43,0.009999999999999997,0.08,26
1468,126,23,1424,-2,-19,49,0.009999999999999997,0.08,26
1469,130,22,1411,2,-20,36,0.009999999999999997,0.08,26
1470,128,24,1402,0,-18,27,0.009999999999999997,0.08,26
1471,128,24,1401,0,-18,26,0.009999999999999997,0.08,26
1472,129,26,1404,1,-16,29,0.009999999999999997,0.08,26
1473,130,27,1413,2,-15,38,0.009999999999999997,0.08,26
1474,130,28,1427,2,-14,52,0.009999999999999997,0.08,26
1475,131,30,1415,3,-12,40,0.009999999999999997,0.08,26
1476,133,30,1405,5,-12,30,0.009999999999999997,0.08,26
1477,134,30,1405,6,-12,30,0.009999999999999997,0.08,26
1478,135,29,1402,7,-13,27,0.009999999999999997,0.08,26
1479,137,27,1394,9,-15,19,0.009999999999999997,0.08,26
1480,139,24,1386,11,-18,11,0.009999999999999997,0.08,26
1481,138,24,1380,10,-18,5,0.009999999999999997,0.08,26
1482,137,21,1383,9,-21,8,0.009999999999999997,0.08,26
1483,136,19,1378,8,-23,3,0.009999999999999997,0.08,26
1484,138,16,1376,10,-26,1,0.009999999999999997,0.08,26
1485,138,16,1384,10,-26,9,0.009999999999999997,0.08,26
1486,139,16,1390,11,-26,15,0.009999999999999997,0.08,26
1487,141,17,1399,13,-25,24,0.009999999999999997,0.08,26
1488,142,16,1394,14,-26,19,0.009999999999999997,0.08,26
1489,143,17,1389,15,-25,14,0.009999999999999997,0.08,26
1490,144,17,1394,16,-25,19,0.009999999999999997,0.08,26
1491,145,17,1394,17,-25,19,0.009999999999999997,0.08,26
1492,146,18,1392,18,-24,17,0.009999999999999997,0.08,26
1493,145,19,1403,17,-23,28,0.009999999999999997,0.08,26
1494,144,19,1406,16,-23,31,0.009999999999999997,0.08,26
1495,144,17,1405,16,-25,30,0.009999999999999997,0.08,26
1496,144,15,1410,16,-27,35,0.009999999999999997,0.08,26
1497,146,16,1410,18,-26,35,0.009999999999999997,0.08,26
1498,144,15,1400,16,-27,25,0.009999999999999997,0.08,26
1499,144,17,1393,16,-25,18,0.009999999999999997,0.08,26
1500,144,20,1394,0,3,1,0.009999999999999997,0.08,24
1501,144,17,1396,0,0,3,0.009999999999999997,0.08,24
1502,143,18,1396,-1,1,3,0.009999999999999997,0.08,24
1503,147,18,1386,3,1,-7,0.009999999999999997,0.08,24
1504,150,19,1372,6,2,-21,0.009999999999999997,0.08,24
1505,152,19,1352,8,2,-41,0.009999999999999997,0.08,24
1506,151,19,1349,7,2,-44,0.009999999999999997,0.08,24
1507,152,18,1345,8,1,-48,0.009999999999999997,0.08,24
1508,150,15,1346,6,-2,-47,0.009999999999999997,0.08,24
1509,153,15,1352,9,-2,-41,0.009999999999999997,0.08,24
1510,154,19,1347,10,2,-46,0.009999999999999997,0.08,24
1511,153,18,1335,9,1,-58,0.009999999999999997,0.08,24
1512,153,18,1331,9,1,-62,0.009999999999999997,0.08,24
1513,152,18,1316,8,1,-77,0.009999999999999997,0.08,24
1514,151,22,1314,7,5,-79,0.009999999999999997,0.08,24
1515,151,20,1313,7,3,-80,0.009999999999999997,0.08,24
1516,151,21,1307,7,4,-86,0.009999999999999997,0.08,24
1517,153,20,1308,9,3,-85,0.009999999999999997,0.08,24
1518,155,23,1314,11,6,-79,0.009999999999999997,0.08,24
1519,158,24,1305,14,7,-88,0.009999999999999997,0.08,24
1520,158,24,1303,14,7,-90,0.009999999999999997,0.08,24
1521,158,23,1304,14,6,-89,0.009999999999999997,0.08,24
1522,161,21,1302,17,4,-91,0.009999999999999997,0.08,24
1523,163,20,1293,19,3,-100,0.009999999999999997,0.08,24
1524,165,20,1288,21,3,-105,0.009999999999999997,0.08,24
1525,165,17,1294,21,0,-99,0.009999999999999997,0.08,24
1526,164,16,1280,20,-1,-113,0.009999999999999997,0.08,24
1527,162,15,1276,18,-2,-117,0.009999999999999997,0.08,24
1528,161,13,1282,17,-4,-111,0.009999999999999997,0.08,24
1529,162,10,1298,18,-7,-95,0.009999999999999997,0.08,24
1530,159,10,1312,15,-7,-81,0.009999999999999997,0.08,24
1531,164,10,1317,20,-7,-76,0.009999999999999997,0.08,24
1532,164,10,1326,20,-7,-67,0.009999999999999997,0.08,24
1533,163,10,1319,19,-7,-74,0.009999999999999997,0.08,24
1534,162,10,1310,18,-7,-83,0.009999999999999997,0.08,24
1535,160,10,1290,16,-7,-103,0.009999999999999997,0.08,24
1536,162,10,1290,18,-7,-103,0.009999999999999997,0.08,24
1537,163,11,1293,19,-6,-100,0.009999999999999997,0.08,24
1538,163,11,1294,19,-6,-99,0.009999999999999997,0.08,24
1539,165,11,1294,21,-6,-99,0.009999999999999997,0.08,24
1540,167,11,1290,23,-6,-103,0.009999999999999997,0.08,24
1541,165,13,1290,21,-4,-103,0.009999999999999997,0.08,24
1542,163,14,1288,19,-3,-105,0.009999999999999997,0.08,24
1543,163,14,1306,19,-3,-87,0.009999999999999997,0.08,24
1544,159,17,1302,15,0,-91,0.009999999999999997,0.08,24
1545,163,15,1302,19,-2,-91,0.009999999999999997,0.08,24
1546,163,14,1300,19,-3,-93,0.009999999999999997,0.08,24
1547,159,13,1299,15,-4,-94,0.009999999999999997,0.08,24
1548,159,13,1295,15,-4,-98,0.009999999999999997,0.08,24
1549,155,13,1287,11,-4,-106,0.009999999999999997,0.08,24
1550,154,15,1303,10,-2,-90,0.009999999999999997,0.08,24
1551,154,16,1300,10,-1,-93,0.009999999999999997,0.08,24
1552,154,16,1294,10,-1,-99,0.009999999999999997,0.08,24
1553,154,18,1297,10,1,-96,0.009999999999999997,0.08,24
1554,153,20,1294,9,3,-99,0.009999999999999997,0.08,24
1555,151,21,1303,7,4,-90,0.009999999999999997,0.08,24
1556,150,22,1293,6,5,-100,0.009999999999999997,0.08,24
1557,151,23,1297,7,6,-96,0.009999999999999997,0.08,24
1558,150,21,1293,6,4,-100,0.009999999999999997,0.08,24
1559,149,21,1309,5,4,-84,0.009999999999999997,0.08,24
1560,151,21,1305,7,4,-88,0.009999999999999997,0.08,24
1561,151,20,1312,7,3,-81,0.009999999999999997,0.08,24
1562,150,20,1313,6,3,-80,0.009999999999999997,0.08,24
1563,152,21,1311,8,4,-82,0.009999999999999997,0.08,24
1564,153,21,1310,9,4,-83,0.009999999999999997,0.08,24
1565,155,19,1310,11,2,-83,0.009999999999999997,0.08,24
1566,156,22,1296,12,5,-97,0.009999999999999997,0.08,24
1567,155,24,1294,11,7,-99,0.009999999999999997,0.08,24
1568,153,25,1295,9,8,-98,0.009999999999999997,0.08,24
1569,152,26,1296,8,9,-97,0.009999999999999997,0.08,24
1570,152,26,1292,8,9,-101,0.009999999999999997,0.08,24
1571,153,23,1305,9,6,-88,0.009999999999999997,0.08,24
1572,153,23,1317,9,6,-76,0.009999999999999997,0.08,24
1573,154,22,1322,10,5,-71,0.009999999999999997,0.08,24
1574,154,20,1322,10,3,-71,0.009999999999999997,0.08,24
1575,156,18,1310,12,1,-83,0.009999999999999997,0.08,24
1576,157,19,1311,13,2,-82,0.009999999999999997,0.08,24
1577,154,21,1313,10,4,-80,0.009999999999999997,0.08,24
1578,153,23,1313,9,6,-80,0.009999999999999997,0.08,24
1579,152,23,1312,8,6,-81,0.009999999999999997,0.08,24
1580,153,22,1321,9,5,-72,0.009999999999999997,0.08,24
1581,156,23,1319,12,6,-74,0.009999999999999997,0.08,24
1582,155,23,1338,11,6,-55,0.009999999999999997,0.08,24
1583,154,26,1345,10,9,-48,0.009999999999999997,0.08,24
1584,155,27,1363,11,10,-30,0.009999999999999997,0.08,24
1585,156,27,1363,12,10,-30,0.009999999999999997,0.08,24
1586,164,25,1366,20,8,-27,0.009999999999999997,0.08,24
1587,166,25,1369,22,8,-24,0.009999999999999997,0.08,24
1588,164,27,1384,20,10,-9,0.009999999999999997,0.08,24
1589,162,30,1389,18,13,-4,0.009999999999999997,0.08,24
1590,160,31,1404,16,14,11,0.009999999999999997,0.08,24
1591,163,29,1393,19,12,0,0.009999999999999997,0.08,24
1592,161,30,1389,17,13,-4,0.009999999999999997,0.08,24
1593,162,32,1389,18,15,-4,0.009999999999999997,0.08,24
1594,162,29,1395,18,12,2,0.009999999999999997,0.08,24
1595,158,29,1379,14,12,-14,0.009999999999999997,0.08,24
1596,159,29,1363,15,12,-30,0.009999999999999997,0.08,24
1597,159,28,1357,15,11,-36,0.009999999999999997,0.08,24
1598,159,28,1354,15,11,-39,0.009999999999999997,0.08,24
1599,159,29,1358,15,12,-35,0.009999999999999997,0.08,24
1600,159,28,1361,0,-1,3,0.009999999999999997,0.07,24
1601,157,27,1361,-2,-2,3,0.009999999999999997,0.07,24
1602,155,29,1355,-4,0,-3,0.009999999999999997,0.07,24
1603,155,29,1336,-4,0,-22,0.009999999999999997,0.07,24
1604,154,31,1325,-5,2,-33,0.009999999999999997,0.07,24
1605,153,31,1328,-6,2,-30,0.009999999999999997,0.07,24
1606,152,28,1331,-7,-1,-27,0.009999999999999997,0.07,24
1607,151,27,1335,-8,-2,-23,0.009999999999999997,0.07,24
1608,153,23,1329,-6,-6,-29,0.009999999999999997,0.07,24
1609,155,21,1327,-4,-8,-31,0.009999999999999997,0.07,24
1610,152,19,1325,-7,-10,-33,0.009999999999999997,0.07,24
1611,153,22,1327,-6,-7,-31,0.009999999999999997,0.07,24
1612,153,21,1320,-6,-8,-38,0.009999999999999997,0.07,24
1613,154,20,1317,-5,-9,-41,0.009999999999999997,0.07,24
1614,153,22,1320,-6,-7,-38,0.009999999999999997,0.07,24
1615,156,20,1323,-3,-9,-35,0.009999999999999997,0.07,24
1616,159,21,1336,0,-8,-22,0.009999999999999997,0.07,24
1617,157,21,1331,-2,-8,-27,0.009999999999999997,0.07,24
1618,157,22,1338,-2,-7,-20,0.009999999999999997,0.07,24
1619,158,21,1338,-1,-8,-20,0.009999999999999997,0.07,24
1620,158,19,1343,-1,-10,-15,0.009999999999999997,0.07,24
1621,157,19,1347,-2,-10,-11,0.009999999999999997,0.07,24
1622,157,21,1339,-2,-8,-19,0.009999999999999997,0.07,24
1623,159,20,1345,0,-9,-13,0.009999999999999997,0.07,24
1624,158,20,1335,-1,-9,-23,0.009999999999999997,0.07,24
1625,161,19,1324,2,-10,-34,0.009999999999999997,0.07,24
1626,162,19,1332,3,-10,-26,0.009999999999999997,0.07,24
1627,164,19,1341,5,-10,-17,0.009999999999999997,0.07,24
1628,161,20,1344,2,-9,-14,0.009999999999999997,0.07,24
1629,161,18,1338,2,-11,-20,0.009999999999999997,0.07,24
1630,160,19,1333,1,-10,-25,0.009999999999999997,0.07,24
1631,160,20,1325,1,-9,-33,0.009999999999999997,0.07,24
1632,159,20,1314,0,-9,-44,0.009999999999999997,0.07,24
1633,159,18,1320,0,-11,-38,0.009999999999999997,0.07,24
1634,160,17,1317,1,-12,-41,0.009999999999999997,0.07,24
1635,160,17,1319,1,-12,-39,0.009999999999999997,0.07,24
1636,161,16,1310,2,-13,-48,0.009999999999999997,0.07,24
1637,161,17,1298,2,-12,-60,0.009999999999999997,0.07,24
1638,160,18,1294,1,-11,-64,0.009999999999999997,0.07,24
1639,159,20,1298,0,-9,-60,0.009999999999999997,0.07,24
1640,161,20,1290,2,-9,-68,0.009999999999999997,0.07,24
1641,161,23,1298,2,-6,-60,0.009999999999999997,0.07,24
1642,162,25,1294,3,-4,-64,0.009999999999999997,0.07,24
1643,163,27,1297,4,-2,-61,0.009999999999999997,0.07,24
1644,161,28,1292,2,-1,-66,0.009999999999999997,0.07,24
1645,162,24,1291,3,-5,-67,0.009999999999999997,0.07,24
1646,164,23,1301,5,-6,-57,0.009999999999999997,0.07,24
1647,162,22,1298,3,-7,-60,0.009999999999999997,0.07,24
1648,162,19,1294,3,-10,-64,0.009999999999999997,0.07,24
1649,160,21,1303,1,-8,-55,0.009999999999999997,0.07,24
1650,159,22,1290,0,-7,-68,0.009999999999999997,0.07,24
1651,159,22,1291,0,-7,-67,0.009999999999999997,0.07,24
1652,158,24,1288,-1,-5,-70,0.009999999999999997,0.07,24
1653,159,25,1285,0,-4,-73,0.009999999999999997,0.07,24
1654,161,22,1285,2,-7,-73,0.009999999999999997,0.07,24
1655,163,21,1285,4,-8,-73,0.009999999999999997,0.07,24
1656,163,24,1288,4,-5,-70,0.009999999999999997,0.07,24
1657,160,26,1283,1,-3,-75,0.009999999999999997,0.07,24
1658,161,25,1295,2,-4,-63,0.009999999999999997,0.07,24
1659,162,25,1290,3,-4,-68,0.009999999999999997,0.07,24
1660,163,27,1303,4,-2,-55,0.009999999999999997,0.07,24
1661,161,25,1322,2,-4,-36,0.009999999999999997,0.07,24
1662,161,26,1322,2,-3,-36,0.009999999999999997,0.07,24
1663,162,30,1325,3,1,-33,0.009999999999999997,0.07,24
1664,161,31,1325,2,2,-33,0.009999999999999997,0.07,24
1665,161,31,1317,2,2,-41,0.009999999999999997,0.07,24
1666,163,32,1308,4,3,-50,0.009999999999999997,0.07,24
1667,160,31,1313,1,2,-45,0.009999999999999997,0.07,24
1668,160,28,1325,1,-1,-33,0.009999999999999997,0.07,24
1669,161,27,1329,2,-2,-29,0.009999999999999997,0.07,24
1670,159,26,1326,0,-3,-32,0.009999999999999997,0.07,24
1671,158,26,1332,-1,-3,-26,0.009999999999999997,0.07,24
1672,160,26,1334,1,-3,-24,0.009999999999999997,0.07,24
1673,159,27,1335,0,-2,-23,0.009999999999999997,0.07,24
1674,158,28,1342,-1,-1,-16,0.009999999999999997,0.07,24
1675,158,29,1335,-1,0,-23,0.009999999999999997,0.07,24
1676,157,31,1332,-2,2,-26,0.009999999999999997,0.07,24
1677,159,28,1326,0,-1,-32,0.009999999999999997,0.07,24
1678,161,30,1330,2,1,-28,0.009999999999999997,0.07,24
1679,162,28,1332,3,-1,-26,0.009999999999999997,0.07,24
1680,163,27,1333,4,-2,-25,0.009999999999999997,0.07,24
1681,162,23,1336,3,-6,-22,0.009999999999999997,0.07,24
1682,162,22,1324,3,-7,-34,0.009999999999999997,0.07,24
1683,163,21,1324,4,-8,-34,0.009999999999999997,0.07,24
1684,165,22,1317,6,-7,-41,0.009999999999999997,0.07,24
1685,165,21,1307,6,-8,-51,0.009999999999999997,0.07,24
1686,165,21,1307,6,-8,-51,0.009999999999999997,0.07,24
1687,161,22,1307,2,-7,-51,0.009999999999999997,0.07,24
1688,158,25,1312,-1,-4,-46,0.009999999999999997,0.07,24
1689,158,26,1309,-1,-3,-49,0.009999999999999997,0.07,24
1690,161,27,1302,2,-2,-56,0.009999999999999997,0.07,24
1691,158,29,1299,-1,0,-59,0.009999999999999997,0.07,24
1692,157,31,1277,-2,2,-81,0.009999999999999997,0.07,24
1693,156,33,1263,-3,4,-95,0.009999999999999997,0.07,24
1694,154,34,1257,-5,5,-101,0.009999999999999997,0.07,24
1695,154,33,1260,-5,4,-98,0.009999999999999997,0.07,24
1696,154,32,1272,-5,3,-86,0.009999999999999997,0.07,24
1697,152,32,1265,-7,3,-93,0.009999999999999997,0.07,24
1698,154,35,1260,-5,6,-98,0.009999999999999997,0.07,24
1699,152,37,1261,-7,8,-97,0.009999999999999997,0.07,24
